{
"type": "FeatureCollection",
"name": "Estatal contenedor",
"crs": { "type": "name", "properties": { "name": "urn:ogc:def:crs:OGC:1.3:CRS84" } },
"features": [
{ "type": "Feature", "properties": { "entidad_cvegeo": "01", "entidad_nombre": "Aguascalientes", "entidad_ge": "SRID=6362;MULTIPOLYGON(((2470517.8241 1155028.5871,2470552.2489 1154982.9748,2470607.4324 1154988.2256,2470637.1987 1155017.0496,2470661.2814 1155046.4826,2470682.9843 1155073.0072,2470726.0087 1155097.5343,2470737.957 1155097.5343,2470753.5793 1155097.5", "entidad_si": 0 }, "geometry": { "type": "MultiPolygon", "coordinates": [ [ [ [ -102.064507640322788, 21.796204841079639 ], [ -102.104656843283351, 21.751850545767937 ], [ -102.142099724323273, 21.705374291733364 ], [ -102.214266758893558, 21.694818855221097 ], [ -102.226997137944863, 21.656809673778149 ], [ -102.295370790732605, 21.653098719520994 ], [ -102.325722068521827, 21.622266484534688 ], [ -102.384397722247485, 21.651887097605659 ], [ -102.41962845593487, 21.669406406430479 ], [ -102.542452433936703, 21.732604369437595 ], [ -102.583140426508848, 21.743858403302116 ], [ -102.633493835301934, 21.767339457284766 ], [ -102.745299934684567, 21.720052307497745 ], [ -102.853345057090152, 21.799053148728298 ], [ -102.868446887172325, 21.860537716507395 ], [ -102.805461574108776, 21.996300398587678 ], [ -102.755805715359429, 22.073662074124012 ], [ -102.693485344284369, 22.104722955086228 ], [ -102.675894507250618, 22.175572518724735 ], [ -102.641387118480679, 22.228447535794647 ], [ -102.67001704871403, 22.245702430747553 ], [ -102.668742842803425, 22.291871047018603 ], [ -102.612052182104037, 22.291508464399783 ], [ -102.527039335719692, 22.290899037625024 ], [ -102.462173975740711, 22.322842738432001 ], [ -102.471187820686339, 22.336254875375193 ], [ -102.37844281134393, 22.360878577851807 ], [ -102.321364718191603, 22.388532641984 ], [ -102.298306843184065, 22.459589683051615 ], [ -102.289930738756595, 22.419983611424616 ], [ -102.253200706633095, 22.374494503363177 ], [ -102.189018327922, 22.362437833542764 ], [ -102.162134433997963, 22.348513940447102 ], [ -102.153230476892645, 22.29041021145548 ], [ -102.124110687940771, 22.2869564019656 ], [ -102.037269639164791, 22.298975682788011 ], [ -101.999412686078543, 22.219506391063828 ], [ -102.000993080886644, 22.168110557220665 ], [ -102.025915187199118, 22.129771001775062 ], [ -101.967573933958022, 22.111202482306403 ], [ -101.861669820684256, 22.028883827066529 ], [ -101.863798714624934, 21.990015660024039 ], [ -101.897780213161511, 21.958387912720486 ], [ -101.880212613633475, 21.910149783600016 ], [ -101.94124308434688, 21.889486366268418 ], [ -102.03841751313206, 21.853198039968735 ], [ -102.064507640322788, 21.796204841079639 ] ] ] ] } },
{ "type": "Feature", "properties": { "entidad_cvegeo": "02", "entidad_nombre": "Baja California", "entidad_ge": "SRID=6362;MULTIPOLYGON(((1458026.1715 1855728.1548,1457866.4176 1855706.5803,1457824.3394 1855803.2581,1457849.0263 1856019.4408,1457913.3228 1856043.3638,1457994.1322 1856213.5325,1458016.0214 1856321.389,1458032.205 1856454.8906,1457976.4118 1856513.64", "entidad_si": 0 }, "geometry": { "type": "MultiPolygon", "coordinates": [ [ [ [ -118.326154086106314, 29.173867091976888 ], [ -118.321850284898346, 29.108484990268469 ], [ -118.26100273809557, 29.068150350813731 ], [ -118.248042870690597, 29.014456422575265 ], [ -118.249537538319842, 28.93002044232966 ], [ -118.267021973610483, 28.886016615316503 ], [ -118.305187864563123, 28.888158695223481 ], [ -118.31799062636766, 28.95504608900708 ], [ -118.353929298712771, 29.042328084088123 ], [ -118.399334595945874, 29.068583130131003 ], [ -118.407649550879043, 29.14282913389831 ], [ -118.326154086106314, 29.173867091976888 ] ] ], [ [ [ -113.51391300030086, 29.551478188871233 ], [ -113.452675067381364, 29.517926912463139 ], [ -113.386773024420862, 29.460282233719163 ], [ -113.344891245095397, 29.382700872887668 ], [ -113.369568759795982, 29.35376276614636 ], [ -113.343259829318853, 29.296092695776924 ], [ -113.160465904249151, 29.278526405370432 ], [ -113.173543800540656, 29.248095785735092 ], [ -113.174759535277374, 29.130964208824665 ], [ -113.148367225340237, 29.066187607101082 ], [ -113.101007306671093, 29.055518426947291 ], [ -113.122362152923799, 28.989468890018472 ], [ -113.243948473909327, 29.067132627591089 ], [ -113.300689043743233, 29.145103343016494 ], [ -113.404409463188117, 29.209466909857145 ], [ -113.440903764205018, 29.276063200177244 ], [ -113.49972563155174, 29.293007867830823 ], [ -113.505663814751202, 29.32210291661983 ], [ -113.56933230390311, 29.400208941836983 ], [ -113.592254490507415, 29.45103135156922 ], [ -113.54954581695786, 29.533704709675117 ], [ -113.51391300030086, 29.551478188871233 ] ] ], [ [ [ -115.213720045444077, 28.375303186533493 ], [ -115.165857411903431, 28.260717027591028 ], [ -115.176446882512451, 28.21611084191678 ], [ -115.15639233143456, 28.140814628822611 ], [ -115.185824010448968, 28.105676763863713 ], [ -115.180905298248902, 28.041339138734052 ], [ -115.252030601554807, 28.04173787570792 ], [ -115.288014518465715, 28.093487367681288 ], [ -115.35159740452994, 28.088226275029779 ], [ -115.252119549584648, 28.207566205444731 ], [ -115.259374000393393, 28.274631704707499 ], [ -115.239574271478261, 28.359122798996715 ], [ -115.213720045444077, 28.375303186533493 ] ] ], [ [ [ -114.704028131726176, 30.865621048073702 ], [ -114.698929841372461, 30.635860085413725 ], [ -114.652293199022267, 30.557083160226117 ], [ -114.630727413100388, 30.488709881593941 ], [ -114.63125273239946, 30.419917606329079 ], [ -114.656210949687775, 30.278765442976244 ], [ -114.640616770660372, 30.25802995425305 ], [ -114.668870598907986, 30.198252356844421 ], [ -114.625289692103294, 30.117900035200623 ], [ -114.584528334071763, 30.074145619197374 ], [ -114.564536299795805, 30.010002220086609 ], [ -114.473327309303059, 29.915679823102472 ], [ -114.412984054126511, 29.890687383701906 ], [ -114.415081684829531, 29.857254585845954 ], [ -114.380600000283536, 29.821100000181485 ], [ -114.396203009488559, 29.794646854196994 ], [ -114.342798661758479, 29.746749600946345 ], [ -114.294289485482025, 29.742788762487187 ], [ -114.271344152736972, 29.772036255506542 ], [ -114.204082537965576, 29.739927477003775 ], [ -114.159283914580627, 29.691061952701475 ], [ -114.063427222071169, 29.6285898547481 ], [ -114.045834806585802, 29.596063171105239 ], [ -113.995429366938623, 29.578053598082114 ], [ -113.896918566698318, 29.484834527968491 ], [ -113.773817223461165, 29.410530035746532 ], [ -113.695022562731083, 29.324389012360282 ], [ -113.637512525785979, 29.283397877505859 ], [ -113.625149255696769, 29.252862268405554 ], [ -113.654103249015549, 29.205532039651739 ], [ -113.567018297318256, 29.10818916153158 ], [ -113.538495175504835, 29.05795466206229 ], [ -113.560448444007989, 29.023611677181901 ], [ -113.557664168833426, 28.94844093449538 ], [ -113.525286369970928, 28.892576206572627 ], [ -113.48283293553348, 28.892841421210342 ], [ -113.470366204917241, 28.949293867089786 ], [ -113.424512828419722, 28.949540260925193 ], [ -113.368005974510453, 28.877699283786576 ], [ -113.370521391915631, 28.836234646107172 ], [ -113.316025071181201, 28.802036955110559 ], [ -113.2535588937086, 28.839543264498641 ], [ -113.196436108745999, 28.792286032123204 ], [ -113.194208783213057, 28.744819502454288 ], [ -113.15879590398356, 28.660073863612343 ], [ -113.133907263822337, 28.641810381420751 ], [ -113.104338536153108, 28.506077718515982 ], [ -113.01562964280194, 28.457380734613295 ], [ -112.904021999683465, 28.474619496030495 ], [ -112.878078114919404, 28.451899947285938 ], [ -112.849253544571368, 28.382040178769032 ], [ -112.873499665112902, 28.282226810921074 ], [ -112.79426459045888, 28.190334036997154 ], [ -112.812540018684771, 28.115951321239027 ], [ -112.78864375152493, 28.067299064082366 ], [ -112.804899854904662, 28.028512026598477 ], [ -112.764928724109964, 27.99999999937576 ], [ -113.066666665837204, 27.999999986480088 ], [ -113.749999999746066, 27.99999998679154 ], [ -114.204878762759861, 28.000000013484829 ], [ -114.082180116755524, 28.167460617640501 ], [ -114.0608182339884, 28.214230035571894 ], [ -114.122772084027346, 28.260194647039324 ], [ -114.081202068153942, 28.344345606347989 ], [ -114.04786716028336, 28.438539389033121 ], [ -114.069341229321523, 28.515094010676368 ], [ -114.116494221101092, 28.559036197794736 ], [ -114.161710646545927, 28.57036055310116 ], [ -114.154772671971216, 28.615107406047159 ], [ -114.183776841900098, 28.657087897006985 ], [ -114.23685173141304, 28.667181237044229 ], [ -114.342590994412049, 28.75536284322218 ], [ -114.40586019587947, 28.863484773856531 ], [ -114.488314945981358, 28.932966350543467 ], [ -114.549868582515515, 28.959831990757095 ], [ -114.598840922954949, 28.999193871895358 ], [ -114.606291622140191, 29.051176067741547 ], [ -114.636107108030302, 29.097960558857981 ], [ -114.715269945800898, 29.112860825584434 ], [ -114.7379535679556, 29.17172375168251 ], [ -114.804928363007448, 29.209294044227747 ], [ -114.950815479780914, 29.361511333792446 ], [ -115.080538506534282, 29.418329441366296 ], [ -115.191018767470453, 29.429905326610736 ], [ -115.236363937279393, 29.500844860697434 ], [ -115.297757674170924, 29.540207078096078 ], [ -115.378537693506502, 29.558362239196725 ], [ -115.444060960803597, 29.617846098278068 ], [ -115.499672839851996, 29.615690384450406 ], [ -115.698362047258001, 29.756804068008734 ], [ -115.685374604365549, 29.839979135058801 ], [ -115.701972498067263, 29.900309202196969 ], [ -115.741726804060363, 29.947427870329474 ], [ -115.804681919616272, 29.974302680734073 ], [ -115.781274970527889, 30.090944597306176 ], [ -115.800968961289712, 30.133138991275132 ], [ -115.802799786674726, 30.279913303056517 ], [ -115.834235472418698, 30.339302729017952 ], [ -115.908215357718774, 30.397456224143848 ], [ -116.005087237297772, 30.39205456760919 ], [ -116.047235446675685, 30.470497327492676 ], [ -116.026760779498247, 30.635557061377192 ], [ -116.051683564003667, 30.78079930099225 ], [ -116.07100696439997, 30.81446070241299 ], [ -116.200644403822579, 30.882373775456706 ], [ -116.267501179867935, 30.965070366865525 ], [ -116.328367293026204, 30.958617759554965 ], [ -116.338393964917898, 30.985472669787669 ], [ -116.309059554730425, 31.150730033260736 ], [ -116.391545925766209, 31.282810805988195 ], [ -116.487168184714221, 31.369874823846501 ], [ -116.5033344805708, 31.413182670891821 ], [ -116.659459586852407, 31.529144488343483 ], [ -116.667618852388927, 31.617854672310617 ], [ -116.649931019527102, 31.664539395063578 ], [ -116.696571991365715, 31.716217417703497 ], [ -116.649264494603443, 31.727488769915475 ], [ -116.61346176651881, 31.796427124856109 ], [ -116.612906492879702, 31.841134677327972 ], [ -116.699430273302568, 31.894976656603347 ], [ -116.756124190551844, 31.913626881374231 ], [ -116.764148622131586, 31.966308183263767 ], [ -116.859552364172899, 31.995136172058618 ], [ -116.886821305299719, 32.034526341166718 ], [ -116.884374513376486, 32.08963363072931 ], [ -116.889538454653859, 32.134966193386646 ], [ -116.936722052016876, 32.242742638522991 ], [ -117.025681383788069, 32.270334040949869 ], [ -117.095597268557071, 32.413508895532225 ], [ -117.123926696135655, 32.484844138203634 ], [ -117.123116306398273, 32.534435446894172 ], [ -116.690819073203244, 32.570945796085567 ], [ -115.879295010560313, 32.636081237352244 ], [ -115.38450419756191, 32.673198430265948 ], [ -114.719718066748314, 32.71865357526206 ], [ -114.7854347303156, 32.622369912526594 ], [ -114.812252077900297, 32.562233463981315 ], [ -114.813572764280963, 32.493913161925988 ], [ -114.934996576942808, 32.481874677821537 ], [ -114.931570400285764, 32.441066083655947 ], [ -114.960859724604944, 32.410686367548728 ], [ -114.965633626298882, 32.341029427953515 ], [ -115.042720494296319, 32.270066367479011 ], [ -115.053022327617668, 32.245174016624304 ], [ -114.975318248181892, 32.177995474246103 ], [ -114.989736335766139, 32.146377642509051 ], [ -114.957005006124334, 32.038636185843643 ], [ -114.96548456759021, 31.918423881625685 ], [ -114.906743659586994, 31.867304172116548 ], [ -114.843185741114311, 31.863553822271964 ], [ -114.806877650612606, 31.816680133091221 ], [ -114.816953622046853, 31.72874349299757 ], [ -114.783683520792465, 31.635527170237243 ], [ -114.832752481546507, 31.578530086591794 ], [ -114.857954077052071, 31.501137859496193 ], [ -114.855216195873183, 31.452025567930448 ], [ -114.880162314288171, 31.392890373680416 ], [ -114.890474002045551, 31.168142378488451 ], [ -114.867494843432837, 31.090229311695087 ], [ -114.811931691894486, 31.045541334585337 ], [ -114.832847877852856, 30.999203039861417 ], [ -114.71921754849248, 30.935049162143404 ], [ -114.704028131726176, 30.865621048073702 ] ] ], [ [ [ -114.746523102354473, 31.801860296292034 ], [ -114.717364824923521, 31.751686324302316 ], [ -114.668674151012198, 31.718782986367032 ], [ -114.717504145777255, 31.681179487962716 ], [ -114.79181355528813, 31.730992764379121 ], [ -114.799936258223141, 31.81264495274559 ], [ -114.746523102354473, 31.801860296292034 ] ] ] ] } },
{ "type": "Feature", "properties": { "entidad_cvegeo": "03", "entidad_nombre": "Baja California Sur", "entidad_ge": "SRID=6362;MULTIPOLYGON(((1694646.2902 1227655.3103,1694634.0577 1227655.3103,1694627.477 1227662.8448,1694629.3544 1227679.3174,1694627.0027 1227695.8035,1694631.706 1227717.4536,1694640.6384 1227726.8684,1694652.3966 1227736.7465,1694670.7553 1227734.86", "entidad_si": 0 }, "geometry": { "type": "MultiPolygon", "coordinates": [ [ [ [ -109.800422928876358, 24.151907934291394 ], [ -109.863662350630804, 24.147451824602779 ], [ -109.918032220598406, 24.247856493198185 ], [ -109.919602044777179, 24.294336915138796 ], [ -109.889809718726141, 24.312831524184254 ], [ -109.800422928876358, 24.151907934291394 ] ] ], [ [ [ -110.354104393767017, 24.531459875029999 ], [ -110.289072535781557, 24.471722391166136 ], [ -110.346984065695253, 24.431456993506522 ], [ -110.372817020426154, 24.437299505112975 ], [ -110.38290924173738, 24.522140240679445 ], [ -110.354104393767017, 24.531459875029999 ] ] ], [ [ [ -109.697707480764308, 23.671481870648378 ], [ -109.676959498534103, 23.645513934097306 ], [ -109.520007904490853, 23.584335822464013 ], [ -109.468263270211509, 23.552779283215131 ], [ -109.478651191305261, 23.517448817503691 ], [ -109.425037481870177, 23.450327054810433 ], [ -109.413251506238382, 23.388400363989373 ], [ -109.439302662449776, 23.234129776004526 ], [ -109.4949662440644, 23.150492016780436 ], [ -109.576758016965712, 23.084016356113658 ], [ -109.668835221722588, 23.060330731717773 ], [ -109.720679174373444, 23.002486668705746 ], [ -109.78965526075298, 22.968064425616827 ], [ -109.856653312015737, 22.898813967035629 ], [ -109.963832954548693, 22.872180732022887 ], [ -110.018221467589683, 22.905654858237572 ], [ -110.060811848592905, 22.952180946508751 ], [ -110.099425597204146, 23.021957601858329 ], [ -110.120405060945757, 23.114232803805724 ], [ -110.15345451029583, 23.229718917193242 ], [ -110.163972966327492, 23.307121705375572 ], [ -110.262719898019881, 23.475415856207537 ], [ -110.313507842105111, 23.545193082692627 ], [ -110.426334138653317, 23.619544908069543 ], [ -110.551636468094955, 23.670445012718563 ], [ -110.684598173679774, 23.770154897236736 ], [ -110.823421668294444, 23.917093945349048 ], [ -111.022098468929443, 24.093598378088839 ], [ -111.113260034494076, 24.152681577963413 ], [ -111.365893214581973, 24.290628543816691 ], [ -111.53092186424324, 24.358501220160424 ], [ -111.583948940917836, 24.36841006904924 ], [ -111.694559342598481, 24.350760219429269 ], [ -111.743124869295258, 24.346008115740489 ], [ -111.940400000410293, 24.484399999573242 ], [ -112.102073628483069, 24.55875932040211 ], [ -112.117321823156132, 24.603702285391634 ], [ -112.171899999952046, 24.648799999774162 ], [ -112.136399999728525, 24.684700000082824 ], [ -112.150000000002095, 24.742699999635626 ], [ -112.238102056122983, 24.789481676109151 ], [ -112.302637907721632, 24.791694076175091 ], [ -112.274760392564559, 24.840163994283277 ], [ -112.198651580940819, 25.03435360047532 ], [ -112.153813786915578, 25.187128807167163 ], [ -112.115499999623239, 25.362499999593869 ], [ -112.097355593994777, 25.488453314253835 ], [ -112.101609426483023, 25.756095931956327 ], [ -112.192201024015759, 25.987615899335889 ], [ -112.234221458563582, 26.036682343517633 ], [ -112.30825337978068, 26.072126640320352 ], [ -112.343825174830087, 26.176919608859301 ], [ -112.40737171495924, 26.24429832269303 ], [ -112.451232630566466, 26.261960051412711 ], [ -112.497520271200003, 26.231504183293257 ], [ -112.634999240745785, 26.321112013551783 ], [ -112.683890939228291, 26.326955181983895 ], [ -112.787113977911361, 26.406032824676998 ], [ -112.871236386591107, 26.472032806648336 ], [ -112.977893068860823, 26.533621725177685 ], [ -113.083179944794395, 26.618693401868345 ], [ -113.178131876102995, 26.682107523319694 ], [ -113.263784540029789, 26.700137749282501 ], [ -113.283250194622553, 26.753163459380239 ], [ -113.362666530565974, 26.796120492172708 ], [ -113.441234630975345, 26.807596513732566 ], [ -113.509178671814183, 26.791529757677299 ], [ -113.547510449111883, 26.720242798952111 ], [ -113.580310701015094, 26.706589767159297 ], [ -113.638357834522722, 26.729668118206053 ], [ -113.691472479709134, 26.784294319870149 ], [ -113.737265785750736, 26.804939330835637 ], [ -113.779179713357223, 26.907970516877292 ], [ -113.871941485043621, 26.979691783701586 ], [ -113.94700858684358, 26.999439818368163 ], [ -114.017219352132457, 26.983649454553987 ], [ -114.091190902803618, 27.087089602937048 ], [ -114.199538439918584, 27.143700757580316 ], [ -114.259488804665793, 27.151686614832407 ], [ -114.297790865980346, 27.127165355706737 ], [ -114.434902371665885, 27.209766597805586 ], [ -114.488005697631095, 27.228717352001556 ], [ -114.490309679327623, 27.360237593346966 ], [ -114.52704901264876, 27.429223826242936 ], [ -114.597219935473618, 27.476582149400468 ], [ -114.738108965013055, 27.524841784015251 ], [ -114.778449343783336, 27.600611235510797 ], [ -114.811104092871858, 27.626787775176076 ], [ -114.933099519596013, 27.678728992686807 ], [ -114.941154906844673, 27.70640829636088 ], [ -115.023003077373801, 27.739576954453767 ], [ -115.051995430778589, 27.819831962436449 ], [ -114.865810296316553, 27.830206837225589 ], [ -114.704862044032041, 27.788831107797609 ], [ -114.605328131439947, 27.773517997301358 ], [ -114.533283791991394, 27.786064818523556 ], [ -114.50306334732602, 27.772316623392992 ], [ -114.443059203707094, 27.796180130993662 ], [ -114.334380247117821, 27.86952962331609 ], [ -114.265594784855196, 27.888391053839534 ], [ -114.265280755578772, 27.942384997074864 ], [ -114.204878762759861, 28.000000013484829 ], [ -113.749999999746066, 27.99999998679154 ], [ -113.066666665837204, 27.999999986480088 ], [ -112.764928724109964, 27.99999999937576 ], [ -112.761347305305222, 27.896924812784508 ], [ -112.77137824074866, 27.861994327923259 ], [ -112.720969876845672, 27.819038136170093 ], [ -112.701570923415517, 27.75178203465217 ], [ -112.642804885604534, 27.709816661656316 ], [ -112.59538001005923, 27.650503192879754 ], [ -112.487854622694584, 27.621245082784849 ], [ -112.371757428563967, 27.563173364013927 ], [ -112.331457308021029, 27.515302222810174 ], [ -112.301702872376012, 27.383296895690552 ], [ -112.241712395074416, 27.325809838667535 ], [ -112.199571104514774, 27.252393878162884 ], [ -112.215294747663862, 27.214612725040215 ], [ -112.16671204402617, 27.171875244422612 ], [ -112.088201253748281, 27.13079332164051 ], [ -111.954014043107122, 27.096461469508348 ], [ -112.005827577111219, 27.033647632169252 ], [ -112.010092006938279, 26.961221384259879 ], [ -111.902344910891614, 26.853185098281234 ], [ -111.822072215543983, 26.89620126884796 ], [ -111.748677046997727, 26.846426134563313 ], [ -111.721019651233235, 26.806615706191746 ], [ -111.562520226666194, 26.682538338645291 ], [ -111.561224599206383, 26.555726846463227 ], [ -111.498866547659716, 26.529792045665864 ], [ -111.454948091815723, 26.488090792863744 ], [ -111.469025714023118, 26.41343477494528 ], [ -111.382487443240407, 26.299803328763382 ], [ -111.397342742177955, 26.262060723873073 ], [ -111.354371355691953, 26.129569733011234 ], [ -111.319111359043632, 26.068993848941563 ], [ -111.344583258341501, 26.031591014194067 ], [ -111.338099999954878, 25.989318316623926 ], [ -111.356152090711106, 25.932731219162545 ], [ -111.336947337416731, 25.908248564113112 ], [ -111.331777628989983, 25.834102408232127 ], [ -111.302860374940792, 25.82483521695513 ], [ -111.303751255228704, 25.770643685940634 ], [ -111.223862405800105, 25.723459436848145 ], [ -111.193338151206859, 25.613628504845479 ], [ -111.121506162964351, 25.528173754980685 ], [ -111.022153433307167, 25.501081711278985 ], [ -111.024775717613053, 25.443730557132405 ], [ -110.979628124361597, 25.341420310888463 ], [ -110.946684640704106, 25.313252235472046 ], [ -110.936816505677513, 25.222164552945632 ], [ -110.920688361979373, 25.203024053497344 ], [ -110.907629052558832, 25.145784304450515 ], [ -110.869842995009677, 25.10276670332075 ], [ -110.815507265770918, 25.034385860132677 ], [ -110.760973830287824, 25.014893194730014 ], [ -110.749757916864155, 24.965977733508105 ], [ -110.693613162389454, 24.892626233659875 ], [ -110.657066515820134, 24.806156669164114 ], [ -110.693836534221802, 24.701703934252361 ], [ -110.718488854765766, 24.687751411972965 ], [ -110.739499999634631, 24.624600000063651 ], [ -110.729160455162869, 24.514529291235704 ], [ -110.687051172480736, 24.4629603099647 ], [ -110.681311305976138, 24.356871756267029 ], [ -110.607013104523375, 24.251904718553092 ], [ -110.554212470966732, 24.208683821012219 ], [ -110.426046842747525, 24.177682326080749 ], [ -110.303031486552555, 24.181501824258625 ], [ -110.307266231158735, 24.235744131671041 ], [ -110.337699100862579, 24.270800957407797 ], [ -110.334142515548876, 24.328988692007652 ], [ -110.297655937339385, 24.352355652062066 ], [ -110.234556856516619, 24.34424339579579 ], [ -110.173526276280214, 24.252120817964347 ], [ -110.00818531135485, 24.159444096994719 ], [ -109.987082170552881, 24.046635710982258 ], [ -109.93011894079693, 24.028722897148807 ], [ -109.831923281047551, 24.061481461532384 ], [ -109.804235288982127, 24.021241686262435 ], [ -109.835669358724758, 23.985065375731558 ], [ -109.829789383958527, 23.916231930099524 ], [ -109.77394938784343, 23.876001947140068 ], [ -109.699310142372568, 23.798825013011427 ], [ -109.71152385102566, 23.727720055150236 ], [ -109.697707480764308, 23.671481870648378 ] ] ], [ [ [ -110.706701455996622, 25.104868945650662 ], [ -110.668306408238863, 25.051851466425898 ], [ -110.601072713381569, 25.037845131002388 ], [ -110.574905009725924, 25.015882292322271 ], [ -110.570964487366481, 24.957427855934593 ], [ -110.532376540427961, 24.876245611809733 ], [ -110.629478873827821, 24.915839353234833 ], [ -110.681058601468479, 25.020273449312057 ], [ -110.712596787378615, 25.030261372097922 ], [ -110.706701455996622, 25.104868945650662 ] ] ], [ [ [ -110.773690448083173, 25.711540785807522 ], [ -110.756843990320803, 25.609228427960463 ], [ -110.790037023634611, 25.610010143029086 ], [ -110.800976252187425, 25.679554022347961 ], [ -110.773690448083173, 25.711540785807522 ] ] ], [ [ [ -111.059825972357899, 26.07097225949056 ], [ -111.102117153333211, 25.998142327154493 ], [ -111.181467912225401, 25.901080409220878 ], [ -111.208989488961848, 25.929918475860923 ], [ -111.170535128302475, 25.981503700709048 ], [ -111.17522810314901, 26.041798884060206 ], [ -111.059825972357899, 26.07097225949056 ] ] ] ] } },
{ "type": "Feature", "properties": { "entidad_cvegeo": "04", "entidad_nombre": "Campeche", "entidad_ge": "SRID=6362;MULTIPOLYGON(((3702830.9276 1030965.6038,3703457.6304 1020091.0766,3703457.7774 1020088.5265,3703471.8339 1019844.619,3704688.2635 998737.1723,3709415.7147 998913.0867,3709823.7421 1001451.5253,3710137.5747 997601.431600001,3720519.838 998897.3", "entidad_si": 0 }, "geometry": { "type": "MultiPolygon", "coordinates": [ [ [ [ -90.245499865198681, 17.815786328420096 ], [ -90.360595783685326, 17.812871171735591 ], [ -90.586322800342941, 17.816130143573599 ], [ -90.987639510835507, 17.815473446310673 ], [ -90.987951715943097, 17.962545041854383 ], [ -91.120200313977833, 17.963375255671981 ], [ -91.217683276498278, 17.975078470709452 ], [ -91.328291066264654, 18.062804187383946 ], [ -91.43828032620425, 18.084481043972445 ], [ -91.503875574749472, 18.117312650920464 ], [ -91.552761063340213, 18.158176228639736 ], [ -91.610955063302512, 18.094980113218856 ], [ -91.61962488109755, 17.919189619415597 ], [ -91.671942045770379, 17.894661395371294 ], [ -91.738693842289905, 17.936182524066556 ], [ -91.771185271796526, 17.944366925360825 ], [ -91.804644217478454, 17.972550514607015 ], [ -91.867207853907999, 17.98326635250589 ], [ -91.909722674251739, 18.013786307420833 ], [ -91.966747700290327, 18.015988439815192 ], [ -92.014428731737212, 18.052613329649709 ], [ -92.041661117930218, 18.09807655068996 ], [ -92.108281459633787, 18.093806808451866 ], [ -92.160902995643312, 18.155424168221305 ], [ -92.148937516992532, 18.21040607288236 ], [ -92.179257071124056, 18.268665793535618 ], [ -92.171357556580759, 18.33895430488851 ], [ -92.17614773531902, 18.458233221447195 ], [ -92.331575087530055, 18.460299675222405 ], [ -92.414051725992124, 18.487291751200488 ], [ -92.428408623042529, 18.562082318056721 ], [ -92.46574504836488, 18.616563410705723 ], [ -92.468790021779924, 18.650964953170362 ], [ -92.388894425990912, 18.666156745785393 ], [ -91.989563384820258, 18.699230234688287 ], [ -91.956861031385912, 18.697425485156955 ], [ -91.908831022474558, 18.636257502712436 ], [ -91.855671495893432, 18.611293925202503 ], [ -91.839422721329797, 18.664519689520798 ], [ -91.740670938308782, 18.680195990441614 ], [ -91.649397662661102, 18.72724573245214 ], [ -91.498278656181995, 18.790510147537049 ], [ -91.399929979281097, 18.887180534070769 ], [ -91.334517871886163, 18.925958021837385 ], [ -91.184635929116553, 18.994455278149402 ], [ -91.08111883766847, 19.067464294438533 ], [ -90.93747690717349, 19.156595133073644 ], [ -90.758371149562933, 19.307780674259295 ], [ -90.722178923889189, 19.365551611396214 ], [ -90.706021806360326, 19.461534376012128 ], [ -90.71164448124901, 19.562750737515838 ], [ -90.685981959891734, 19.631607331797824 ], [ -90.693115709082988, 19.689011337655018 ], [ -90.661488646290323, 19.758531412950216 ], [ -90.591466097313145, 19.814696531726362 ], [ -90.508907953882101, 19.866312409241242 ], [ -90.447304963522171, 19.959472820338007 ], [ -90.491147431057513, 20.060993309135444 ], [ -90.488844244892888, 20.142429704304057 ], [ -90.481993206303926, 20.210567111560263 ], [ -90.489514734454431, 20.326955673544898 ], [ -90.483528235073834, 20.376389563997787 ], [ -90.502260560237872, 20.497775877273103 ], [ -90.448230897851758, 20.633706736809611 ], [ -90.453609691000949, 20.704109939064796 ], [ -90.411756574328308, 20.758077738311684 ], [ -90.404524357774264, 20.84676358995797 ], [ -90.379356996781013, 20.848327288529159 ], [ -90.381821509429912, 20.74952022385164 ], [ -90.381876732023713, 20.747304654290538 ], [ -90.386648785547379, 20.555585794224111 ], [ -90.335236110921414, 20.541312309140491 ], [ -90.234583385665616, 20.545343181693131 ], [ -90.234207993917678, 20.47046660874506 ], [ -90.06721065992221, 20.425225896262436 ], [ -90.004173675416681, 20.487021877875915 ], [ -89.902479460752105, 20.364835373830658 ], [ -89.837963876263316, 20.287175879914482 ], [ -89.843453148402489, 20.209275063224972 ], [ -89.802505275654099, 20.201605080643091 ], [ -89.793974786828116, 20.136171942101345 ], [ -89.748474174412337, 20.179269722078825 ], [ -89.598703885879985, 19.998197378372076 ], [ -89.60467007800959, 19.93828496667544 ], [ -89.586810343532093, 19.920460030996789 ], [ -89.587499748318905, 19.874420044428362 ], [ -89.525672365023368, 19.775554650388287 ], [ -89.475909457037858, 19.771220205576608 ], [ -89.468295476531466, 19.700161288907779 ], [ -89.296561814063253, 19.551174095610975 ], [ -89.1466668512913, 19.423861639331122 ], [ -89.146926118393125, 19.281495495839408 ], [ -89.148601548325232, 18.877307055068997 ], [ -89.152115116254336, 18.735730732770616 ], [ -89.150237815616578, 18.451059392723977 ], [ -89.132359536891897, 18.293402639609088 ], [ -89.151673657031935, 18.293562636084825 ], [ -89.143065972298913, 18.145819600437768 ], [ -89.200236641643698, 18.144629340640929 ], [ -89.202457790483649, 18.083276218898543 ], [ -89.16336068568819, 18.057885120210393 ], [ -89.206738940449156, 18.021079958796289 ], [ -89.205872044418513, 17.954099721008607 ], [ -89.15195662492367, 17.940256909825425 ], [ -89.151713851439865, 17.815614240418785 ], [ -89.492839861864397, 17.814635817316301 ], [ -90.245499865198681, 17.815786328420096 ] ] ] ] } },
{ "type": "Feature", "properties": { "entidad_cvegeo": "05", "entidad_nombre": "Coahuila", "entidad_ge": "SRID=6362;MULTIPOLYGON(((2469954.1933 1978522.9934,2469982.8073 1978522.2619,2470016.4586 1978525.1048,2470053.6055 1978535.6672,2470082.7804 1978549.8893,2470116.6716 1978568.5988,2470138.3529 1978582.4405,2470155.292 1978591.7954,2470170.0456 1978596.0", "entidad_si": 0 }, "geometry": { "type": "MultiPolygon", "coordinates": [ [ [ [ -100.804547766686596, 25.153259441446334 ], [ -100.821505594688759, 24.996710837177616 ], [ -100.72749549586942, 24.918716548732565 ], [ -100.826132417963166, 24.835004573019301 ], [ -100.796978242943098, 24.750806901622603 ], [ -100.805472936584323, 24.596340118261345 ], [ -100.799934115855251, 24.55618607714996 ], [ -100.847805641900749, 24.555618602647595 ], [ -100.902233784730655, 24.583917735523716 ], [ -100.958792605705526, 24.542684065300733 ], [ -101.080495133180932, 24.591185315200871 ], [ -101.127619601229895, 24.623361767141116 ], [ -101.201725592734633, 24.765488322944829 ], [ -101.342141574585654, 24.813352508333317 ], [ -101.402157065330215, 24.788222435088457 ], [ -101.448557253797915, 24.746187327444744 ], [ -101.461639351887385, 24.736756815723663 ], [ -101.59775992566837, 24.754007102459195 ], [ -101.600406681696327, 24.754396722225767 ], [ -101.601260630562336, 24.835563194471003 ], [ -101.65633176555778, 24.860793174052432 ], [ -101.685149491170591, 24.84001266790159 ], [ -101.773462956642987, 24.875535121137464 ], [ -101.848810000627083, 25.017623615233266 ], [ -102.081805625029816, 25.070700603306733 ], [ -102.237622204923511, 25.11846237978266 ], [ -102.295513023881099, 25.125235506956741 ], [ -102.46332520658504, 25.115916154525987 ], [ -102.453677800378188, 25.048137806744304 ], [ -102.446763444342878, 24.999515408382571 ], [ -102.669693982029514, 25.066636492027992 ], [ -102.853130717853475, 24.772000946515053 ], [ -102.883580910541028, 24.751033322957912 ], [ -102.923629274228929, 24.780362855467398 ], [ -102.988706594384539, 24.796215979927197 ], [ -103.096791959113631, 24.826531890571093 ], [ -103.259145899025171, 24.964658775499096 ], [ -103.266894609924719, 25.055488740182913 ], [ -103.359539306455503, 25.11002885056514 ], [ -103.403374142351879, 25.182637727158049 ], [ -103.444261527412479, 25.208693369631057 ], [ -103.505833140276138, 25.276568735446183 ], [ -103.493550302467682, 25.311723689137509 ], [ -103.461818570912087, 25.376371157655235 ], [ -103.406919467105709, 25.398899434735842 ], [ -103.336919996577976, 25.371343880302213 ], [ -103.341367723794903, 25.410142228969136 ], [ -103.369062002506155, 25.416460727135632 ], [ -103.493239383195672, 25.538530442069039 ], [ -103.454653548348816, 25.557928716197864 ], [ -103.424954025553831, 25.619985638997914 ], [ -103.355425084877766, 25.691386947466658 ], [ -103.339241509364641, 25.725403653381647 ], [ -103.318917789521095, 25.814801520194209 ], [ -103.346605252877396, 25.876942345249251 ], [ -103.35048821788979, 26.142389958727559 ], [ -103.260825262891117, 26.284726818848615 ], [ -103.316792600867075, 26.361776184321339 ], [ -103.374183491807244, 26.602354887780105 ], [ -103.415963776303869, 26.616735693664868 ], [ -103.636962917430552, 26.692564910147812 ], [ -103.69909410454261, 26.725256377056461 ], [ -103.750619731674988, 26.809905082464091 ], [ -103.85170071480735, 26.896133833768246 ], [ -103.83591918611117, 26.935813348807159 ], [ -103.744789159009329, 27.02273114841179 ], [ -103.751832863288996, 27.076655472345447 ], [ -103.799398469588994, 27.124729532525922 ], [ -103.798427335707359, 27.213475688544555 ], [ -103.832122559080446, 27.298293475778639 ], [ -103.876876019879774, 27.311592138094941 ], [ -103.854600947703659, 27.549432735314152 ], [ -103.859983531808098, 27.571256469861758 ], [ -103.897262867403882, 27.65654877432036 ], [ -103.881145340252885, 27.739185743148013 ], [ -103.935649552625463, 27.797552739585566 ], [ -103.941867589899672, 27.927796491127406 ], [ -103.892885844825358, 27.914022962198331 ], [ -103.877715937772521, 27.957490333664079 ], [ -103.926691895643813, 27.971356759603626 ], [ -103.867499861488099, 28.112135673599717 ], [ -103.76817977937408, 28.300372524721656 ], [ -103.728332863656959, 28.356491013663444 ], [ -103.643010796707188, 28.512461870731492 ], [ -103.642167738164332, 28.544889763496947 ], [ -103.637501214796956, 28.554505315383199 ], [ -103.596373703504469, 28.639474547275253 ], [ -103.557295311129721, 28.611280673907476 ], [ -103.514512143741413, 28.664997844907493 ], [ -103.403650250782633, 28.869254171314648 ], [ -103.35770066475898, 28.920250628347155 ], [ -103.306961888072053, 29.00392541849698 ], [ -103.250339082091159, 28.980221710575417 ], [ -103.152999962359374, 28.972264827651419 ], [ -103.098209716810118, 29.025625037146593 ], [ -103.100709660869839, 29.060330879689893 ], [ -103.012199551552172, 29.128454242837627 ], [ -102.998274936891889, 29.173991377806232 ], [ -102.950904208174961, 29.178319504842115 ], [ -102.868014882954924, 29.222862316556391 ], [ -102.871124304707152, 29.240477683692216 ], [ -102.906299561556978, 29.262077524272232 ], [ -102.877014508693577, 29.354849521170365 ], [ -102.820147901514986, 29.403671644488483 ], [ -102.832147189367021, 29.432322898348684 ], [ -102.778287957817099, 29.543605199222274 ], [ -102.76849469673212, 29.594808927469536 ], [ -102.70362493907092, 29.671591658346951 ], [ -102.676993957659434, 29.741578085473144 ], [ -102.548398728669113, 29.744586143484426 ], [ -102.480348853419883, 29.776119426221033 ], [ -102.40434136888932, 29.76550172605349 ], [ -102.341031926852466, 29.869567564413909 ], [ -102.301280219962493, 29.877838226328258 ], [ -102.116729171563264, 29.793729675764759 ], [ -102.049458173551514, 29.785340794562799 ], [ -101.981743076596288, 29.814965902526797 ], [ -101.961621309032651, 29.79816276924571 ], [ -101.825738280691482, 29.80451207113866 ], [ -101.709150638072046, 29.761833620395233 ], [ -101.661464992152105, 29.771258493811029 ], [ -101.539528456852807, 29.760551692122551 ], [ -101.454203354191378, 29.786306263221206 ], [ -101.416027916694006, 29.750413610740249 ], [ -101.373460381132503, 29.679682660285671 ], [ -101.252750636560037, 29.626378004257216 ], [ -101.238248984778892, 29.52360334410012 ], [ -101.185552258036523, 29.518001855296056 ], [ -101.147633029212429, 29.474461498769337 ], [ -101.061812343712162, 29.464245528371329 ], [ -101.005035814114379, 29.365440310635606 ], [ -100.88643556702992, 29.307775147874281 ], [ -100.879237056567263, 29.281501642200279 ], [ -100.818180739312012, 29.264253535475284 ], [ -100.773881018043738, 29.210274959423725 ], [ -100.763508674291486, 29.160104411436919 ], [ -100.684406757949517, 29.111394567661073 ], [ -100.645666516990602, 28.987898405246089 ], [ -100.647918116846029, 28.940750194436031 ], [ -100.546671076983088, 28.82545252153534 ], [ -100.507370434238368, 28.740417603211917 ], [ -100.500177204122849, 28.66166815679528 ], [ -100.447574959280914, 28.610015827458103 ], [ -100.398693819253182, 28.585376022922627 ], [ -100.409218386495226, 28.556364027882399 ], [ -100.335913031658038, 28.430137020305203 ], [ -100.349481886222563, 28.403400469126929 ], [ -100.286159142237324, 28.307461885580203 ], [ -100.294243980187332, 28.283574508643483 ], [ -100.211364900361446, 28.193931817826712 ], [ -100.090199575768779, 28.148327458004434 ], [ -100.055692568244211, 28.090502739283902 ], [ -100.016778278341931, 28.061894870421682 ], [ -99.99049225771671, 27.993616542432658 ], [ -99.933797521231597, 27.981835788524116 ], [ -99.938834855792678, 27.952164081909 ], [ -99.893941717923283, 27.892978280581922 ], [ -99.877781971390689, 27.801462910443693 ], [ -99.84322258736286, 27.76986281894883 ], [ -99.998844827906069, 27.615279402608245 ], [ -100.1884255257484, 27.799137186442181 ], [ -100.286179824066522, 27.730947252074259 ], [ -100.350609841602761, 27.684598559394594 ], [ -100.421909227009053, 27.392685005403425 ], [ -100.422681591637186, 27.392511146807287 ], [ -100.678006216752962, 27.334797306865848 ], [ -100.834123417316164, 27.195173965124635 ], [ -100.83056139512658, 27.073885473819509 ], [ -100.74679573405416, 27.064306214018327 ], [ -100.694643733158898, 27.109770152904378 ], [ -100.65370423185631, 27.075729688968767 ], [ -100.539784275234879, 27.047405829927683 ], [ -100.541772799693916, 26.806001533613287 ], [ -100.590135830333793, 26.759520667622471 ], [ -100.607978421915703, 26.710873489139612 ], [ -100.614400198779194, 26.685638890353612 ], [ -100.696092983020023, 26.623354642840471 ], [ -100.753035439828324, 26.735207802350015 ], [ -100.983770109243096, 26.545595412943936 ], [ -101.206762710011645, 26.369778206688601 ], [ -101.104531497473076, 26.261624702416853 ], [ -101.074646919618829, 26.198974734150021 ], [ -100.982742043834335, 26.139477206430271 ], [ -100.916415667070652, 26.075610555131497 ], [ -100.905531639877978, 25.956945701011115 ], [ -100.834424877162547, 25.945042907441017 ], [ -100.822668945048065, 25.916884542688948 ], [ -100.861901394631786, 25.818478619417586 ], [ -100.805613947035354, 25.72430180397107 ], [ -100.781198651163649, 25.638582082148805 ], [ -100.729772899967898, 25.633895659994057 ], [ -100.690286344420443, 25.56710078559858 ], [ -100.632901843937816, 25.57129935014455 ], [ -100.596348124131111, 25.544482554113376 ], [ -100.608581367492121, 25.513445058848237 ], [ -100.584889086716856, 25.470813038933642 ], [ -100.530883148633052, 25.463467650017556 ], [ -100.522703088934563, 25.434324729308067 ], [ -100.45195490515998, 25.40811568507106 ], [ -100.47009882205333, 25.337789844965112 ], [ -100.394567416772873, 25.327854416828028 ], [ -100.32680370289853, 25.34035647140232 ], [ -100.254138434503417, 25.306908771713086 ], [ -100.243774526377337, 25.269714467917193 ], [ -100.26138350640781, 25.207070567954425 ], [ -100.325550117265834, 25.222258758750307 ], [ -100.332007414035587, 25.186285211472921 ], [ -100.443641429610764, 25.223145217629202 ], [ -100.591962417472061, 25.255050014821524 ], [ -100.708887785860483, 25.236457572930622 ], [ -100.804547766686596, 25.153259441446334 ] ] ] ] } },
{ "type": "Feature", "properties": { "entidad_cvegeo": "06", "entidad_nombre": "Colima", "entidad_ge": "SRID=6362;MULTIPOLYGON(((1158658.7249 767185.324200001,1159130.9249 767072.954500001,1159518.5249 767099.574700002,1159907.7249 767138.764899999,1160432.4249 767134.895199999,1160902.9249 767009.895500001,1161437.2249 767081.575800002,1161881.4249 767049", "entidad_si": 0 }, "geometry": { "type": "MultiPolygon", "coordinates": [ [ [ [ -110.988188430921809, 18.853505613102591 ], [ -110.919699886403777, 18.791241161030221 ], [ -110.921942801330374, 18.726108782792011 ], [ -110.956779738224625, 18.723398323597529 ], [ -111.019113660771097, 18.749147020589159 ], [ -111.048412338849587, 18.794329314195604 ], [ -110.988188430921809, 18.853505613102591 ] ] ], [ [ [ -103.5811670050864, 18.875929062233105 ], [ -103.640572370814809, 18.867244497676012 ], [ -103.624624232755252, 18.82610943616891 ], [ -103.637468347058899, 18.783527272077361 ], [ -103.697570792375075, 18.755922550546636 ], [ -103.7377654989902, 18.684155820612382 ], [ -103.803418940833396, 18.748910232839776 ], [ -103.947504145227924, 18.842092251028433 ], [ -103.971041837481607, 18.864350452861011 ], [ -104.11994610386418, 18.944198466432695 ], [ -104.283572714413395, 19.008702120928007 ], [ -104.320393539143495, 19.09505930221782 ], [ -104.37247886739442, 19.119722094242661 ], [ -104.43048391568793, 19.093065172759616 ], [ -104.489382042548414, 19.124553156196082 ], [ -104.690227277514097, 19.176544535023751 ], [ -104.576937615819929, 19.180204607347331 ], [ -104.570437416312046, 19.214805750679787 ], [ -104.523319386640779, 19.260372379613912 ], [ -104.474009150851259, 19.236548133136722 ], [ -104.439165015393314, 19.278047563151286 ], [ -104.357942971172804, 19.270569287093398 ], [ -104.247690986991898, 19.312178901185188 ], [ -104.22326891635042, 19.301685594508662 ], [ -104.122905860671779, 19.320998376369435 ], [ -104.133344117285972, 19.35374583721455 ], [ -104.090226210753443, 19.393024797014245 ], [ -104.071485510131239, 19.483532993618418 ], [ -104.061725062571824, 19.49770293182155 ], [ -103.899521593074454, 19.434547243189996 ], [ -103.834521264954333, 19.439841419231453 ], [ -103.820847427846203, 19.410512240830027 ], [ -103.716156456171191, 19.456958053237415 ], [ -103.690434352537622, 19.492031903118487 ], [ -103.618276501302773, 19.512518771440526 ], [ -103.612445606310047, 19.488858949824092 ], [ -103.577209779433716, 19.41693451050422 ], [ -103.486473535534586, 19.337945204378727 ], [ -103.509522305825271, 19.241755818931363 ], [ -103.514133778211445, 19.217193084022579 ], [ -103.497630882220122, 19.174642148770396 ], [ -103.525582279525381, 19.077809759921315 ], [ -103.488505542908769, 19.027586746478711 ], [ -103.488594343204568, 18.964889150402296 ], [ -103.572453917424596, 18.872170710808579 ], [ -103.5811670050864, 18.875929062233105 ] ] ] ] } },
{ "type": "Feature", "properties": { "entidad_cvegeo": "07", "entidad_nombre": "Chiapas", "entidad_ge": "SRID=6362;MULTIPOLYGON(((3560747.32 695090.732700001,3561146.7502 695003.8519,3561558.5346 695016.6688,3561970.3187 695029.486099999,3561974.9303 695029.745700002,3562388.2885 695053.013999999,3562964.4002 695117.437800001,3563481.0054 695157.644099999,3", "entidad_si": 0 }, "geometry": { "type": "MultiPolygon", "coordinates": [ [ [ [ -92.155535085055533, 14.730922475251694 ], [ -92.146758855590249, 14.660830615839204 ], [ -92.180631427917504, 14.613773846579756 ], [ -92.182476347483629, 14.578329472350465 ], [ -92.226751944682221, 14.532098361948281 ], [ -92.319595742905889, 14.618391628258076 ], [ -92.409420287848633, 14.696119724557429 ], [ -92.46636316485079, 14.757524901783652 ], [ -92.67605007031645, 14.973148310072686 ], [ -92.732634226048447, 15.030831353413195 ], [ -92.930960765780782, 15.231326694902696 ], [ -93.123697635685858, 15.409133476299949 ], [ -93.332345551730924, 15.591124581524083 ], [ -93.514345693379695, 15.734397458175716 ], [ -93.725838269551701, 15.882312843112871 ], [ -93.906780636038249, 15.979407929995507 ], [ -94.000218837305013, 16.003088722815153 ], [ -94.036008104856748, 16.022094723575165 ], [ -94.100787646954572, 16.139015271265652 ], [ -94.102763692687773, 16.142515923329892 ], [ -94.109567603750932, 16.179101242692077 ], [ -94.048469923603221, 16.216171469245893 ], [ -94.032961006993887, 16.275944976685111 ], [ -94.05066485013495, 16.329713928740489 ], [ -94.102480062393013, 16.407527544499438 ], [ -94.139143865787517, 16.461816708089508 ], [ -94.133474850943358, 16.475966364332319 ], [ -94.04558659397307, 16.694985697907509 ], [ -93.867426771839718, 17.13696491020859 ], [ -93.827137691889419, 17.172503478159438 ], [ -93.803762493710636, 17.224868161920991 ], [ -93.772450200927963, 17.245823552586817 ], [ -93.662694365707694, 17.256276890222448 ], [ -93.66441145832755, 17.286193387909588 ], [ -93.607939808903694, 17.314930013942909 ], [ -93.554131723172645, 17.388198398744318 ], [ -93.51544149609208, 17.440333187828411 ], [ -93.514022348600889, 17.486344393398713 ], [ -93.482634716140495, 17.551419774793338 ], [ -93.416308876400549, 17.59804604907691 ], [ -93.360486817850415, 17.665116240073239 ], [ -93.354276096963687, 17.712717481060523 ], [ -93.382317580002308, 17.749875745000413 ], [ -93.343111879585706, 17.787516682506425 ], [ -93.340766735061152, 17.923640225615223 ], [ -93.298237642302425, 17.947362069149552 ], [ -93.281336290616721, 17.98149941802539 ], [ -93.218547331347565, 17.95603047505465 ], [ -93.104975037166852, 17.907419323250235 ], [ -93.131800316472123, 17.85231641686639 ], [ -93.115640750855903, 17.822212625576729 ], [ -93.043126306520506, 17.842577305749987 ], [ -93.012857482613839, 17.798931907379117 ], [ -93.033452496990364, 17.770241876538353 ], [ -93.057176042942558, 17.723655790706534 ], [ -93.041805527387552, 17.687329480269625 ], [ -93.040525335185507, 17.609828150925811 ], [ -93.004305736607009, 17.555198909341343 ], [ -92.955680511165284, 17.48865534561175 ], [ -92.920613446486371, 17.502679003713336 ], [ -92.88735617404015, 17.510463542453618 ], [ -92.833532913755604, 17.482043897356728 ], [ -92.819630838873138, 17.432745958494834 ], [ -92.767290385905014, 17.383404418192523 ], [ -92.753570099031748, 17.3434012117959 ], [ -92.735568897874259, 17.347134136226686 ], [ -92.677702735079123, 17.379988613658274 ], [ -92.659271869488947, 17.444618833992632 ], [ -92.594181907063088, 17.492433579606914 ], [ -92.56307335808836, 17.545737821018299 ], [ -92.479452748242423, 17.574914688610818 ], [ -92.435769763185363, 17.570232929140545 ], [ -92.350673706627433, 17.617934062801194 ], [ -92.349202094772551, 17.656391547142579 ], [ -92.337347265048663, 17.712089627744305 ], [ -92.274622885393697, 17.692258052499092 ], [ -92.230696979356139, 17.74412497695176 ], [ -92.171950188614602, 17.786567851847874 ], [ -92.151708171743266, 17.764568875248699 ], [ -92.139873875759733, 17.809788896341097 ], [ -91.99128973588688, 17.919612303080168 ], [ -91.891150884868551, 17.887049131689345 ], [ -91.814503017198646, 17.900493061923079 ], [ -91.781872940271199, 17.854288222185911 ], [ -91.788195037019477, 17.807437060367608 ], [ -91.791900383901449, 17.750793889144997 ], [ -91.821207511238924, 17.731786001596021 ], [ -91.658544124997675, 17.674809626154708 ], [ -91.662191782442434, 17.608562858876642 ], [ -91.634715152386093, 17.533174537498205 ], [ -91.682131319552184, 17.469493535003178 ], [ -91.620167108823651, 17.431662296145596 ], [ -91.558793538013191, 17.400529584012602 ], [ -91.505004764198901, 17.39948244331244 ], [ -91.385044609507247, 17.32025222563535 ], [ -91.425180871679899, 17.302305303526719 ], [ -91.439696860631599, 17.250966882988109 ], [ -91.427424350527559, 17.216594823259801 ], [ -91.325351509600111, 17.18249794975943 ], [ -91.277850583442344, 17.179178399415235 ], [ -91.260409705572457, 17.102972131976227 ], [ -91.232716522837563, 17.099895255181394 ], [ -91.203359661553989, 17.044948595894915 ], [ -91.064480065373942, 16.925129757503093 ], [ -91.009067511311528, 16.886825411709452 ], [ -90.957438399710583, 16.896769899313888 ], [ -90.920148594012986, 16.82089979320758 ], [ -90.885036994267836, 16.825217096508119 ], [ -90.709445028676328, 16.721947730757709 ], [ -90.658983022108245, 16.64186143117168 ], [ -90.655449092642499, 16.592210532651638 ], [ -90.645532448611661, 16.519497756967333 ], [ -90.619476550700469, 16.521994536473112 ], [ -90.585286126285752, 16.46961129488259 ], [ -90.546064830248298, 16.482263801028633 ], [ -90.477612948976116, 16.459325531668615 ], [ -90.482546772248185, 16.422841155473002 ], [ -90.423603195285025, 16.425198527793217 ], [ -90.391298140718973, 16.401806656547478 ], [ -90.397535258846446, 16.339598569203453 ], [ -90.438859898705459, 16.298023447039999 ], [ -90.453530023529552, 16.242099872765209 ], [ -90.440840887325734, 16.07419489554654 ], [ -90.791485398807808, 16.074199672306953 ], [ -90.961187722615307, 16.074048856105446 ], [ -91.165848255314614, 16.074296220902799 ], [ -91.296660607208992, 16.074359249016901 ], [ -91.381782864831123, 16.074349339159671 ], [ -91.731384146827125, 16.074020363160603 ], [ -91.921880451774157, 15.751523613142005 ], [ -91.990074905506447, 15.635763790495375 ], [ -92.128726776308866, 15.399904600541074 ], [ -92.210034386464088, 15.26115890652647 ], [ -92.183988211306144, 15.227639483086559 ], [ -92.162864726566212, 15.201158723075935 ], [ -92.107895228112142, 15.131948984391094 ], [ -92.061925120708096, 15.073951634583358 ], [ -92.085665808615687, 15.020728862885374 ], [ -92.130849383364918, 15.013197296423069 ], [ -92.148491245744751, 14.989185163578158 ], [ -92.146562790357692, 14.870205409172241 ], [ -92.181519415127426, 14.847380975962505 ], [ -92.1779941081125, 14.80502437877395 ], [ -92.155535085055533, 14.730922475251694 ] ] ] ] } },
{ "type": "Feature", "properties": { "entidad_cvegeo": "08", "entidad_nombre": "Chihuahua", "entidad_ge": "SRID=6362;MULTIPOLYGON(((1961651.1832 2201097.2364,1961978.9664 2201082.3371,1962074.4536 2201082.3371,1962096.1243 2201082.3371,1962310.2301 2201071.2885,1962360.7557 2201069.2149,1962476.7497 2201064.4544,1962551.5742 2201061.7533,1962679.7725 2201057.", "entidad_si": 0 }, "geometry": { "type": "MultiPolygon", "coordinates": [ [ [ [ -106.423820074752626, 26.214779354076828 ], [ -106.415614948925594, 26.139400286222081 ], [ -106.458643591850972, 26.11216069457922 ], [ -106.471229308516087, 26.060522920547303 ], [ -106.444712619008214, 26.00508821770056 ], [ -106.455815467313258, 25.972579201121746 ], [ -106.547306102541285, 25.952421748388975 ], [ -106.56012978676651, 25.91270676527828 ], [ -106.555967749442061, 25.69170662803138 ], [ -106.464041586258972, 25.741709665364993 ], [ -106.535538126607676, 25.676830538556278 ], [ -106.604419389396654, 25.634536297191403 ], [ -106.652826310477622, 25.558843616675194 ], [ -106.744796365966096, 25.58516339002442 ], [ -106.873755985149899, 25.571864827247303 ], [ -106.899222079968183, 25.643742041003822 ], [ -106.994324524864325, 25.662232594528724 ], [ -107.046899606947093, 25.700579200770914 ], [ -107.059327717436517, 25.758213890969426 ], [ -107.296128214087048, 25.924793407151864 ], [ -107.276346263045951, 26.001976534413565 ], [ -107.304889798467514, 26.076402432190225 ], [ -107.416118233922248, 26.141220245339177 ], [ -107.463199377889779, 26.136548568170184 ], [ -107.520019987590388, 26.104227176833486 ], [ -107.543277404920417, 26.146348936299386 ], [ -107.589434696660291, 26.169927540549523 ], [ -107.63534625389741, 26.15465789663487 ], [ -107.713523939229034, 26.172455615099366 ], [ -107.78069046471731, 26.136937591053751 ], [ -107.789390412966625, 26.168812869048409 ], [ -107.854018502668325, 26.196519391965236 ], [ -107.856264569018293, 26.226035120911387 ], [ -107.899805617853048, 26.286709411019807 ], [ -108.012797016014744, 26.439048057860585 ], [ -107.999370062986586, 26.44844829871635 ], [ -107.957265307133497, 26.493743954347682 ], [ -108.036343438982883, 26.619110287011541 ], [ -108.064646275359109, 26.647370500694461 ], [ -108.006785490280521, 26.705531343873666 ], [ -108.005700733534752, 26.761048799034072 ], [ -108.036831217035783, 26.810075235847727 ], [ -108.094107248688488, 26.870463674570097 ], [ -108.139600454697387, 26.89547949864097 ], [ -108.230236900026924, 26.905724580463399 ], [ -108.232056490222547, 26.961083731055552 ], [ -108.181542870963639, 27.003195636086968 ], [ -108.242940569574216, 27.042047993128161 ], [ -108.281605369442104, 27.01316551572242 ], [ -108.317475906954058, 27.034111127031348 ], [ -108.421178128287224, 27.021197340918235 ], [ -108.470137292504148, 27.034664687002032 ], [ -108.502486120161421, 26.987357031695915 ], [ -108.551763431224941, 26.997145299694683 ], [ -108.602276046257401, 27.036943274654252 ], [ -108.611426705388098, 27.154144748179856 ], [ -108.644320157279978, 27.178811154295268 ], [ -108.664375498257172, 27.239395829804053 ], [ -108.591045125971917, 27.318080477250763 ], [ -108.661648402233354, 27.46474435540485 ], [ -108.655277068620649, 27.543797433180483 ], [ -108.712807715192497, 27.566246479004338 ], [ -108.739852380168003, 27.599954587826321 ], [ -108.766024787700417, 27.705833565169002 ], [ -108.832963777123695, 27.744349563213476 ], [ -108.895515642597701, 27.744807098760337 ], [ -108.915143474277315, 27.775679198190847 ], [ -108.91046413825056, 27.809135754635939 ], [ -108.869140211006567, 27.839286334810005 ], [ -108.919750756561669, 27.870944551781495 ], [ -108.926511023795356, 27.940594232861816 ], [ -108.978395116937421, 27.978752133552817 ], [ -109.031899613898148, 28.01828803209289 ], [ -109.071705619922369, 28.150307491403328 ], [ -109.065761318446846, 28.182616418710232 ], [ -109.074886167957558, 28.272609408030391 ], [ -108.987534045822699, 28.278027291046218 ], [ -108.961412707319056, 28.262004205115989 ], [ -108.750983881769571, 28.271569346777561 ], [ -108.687225105767169, 28.303462487898852 ], [ -108.635485974451342, 28.306256104545252 ], [ -108.603507430840438, 28.347561908732974 ], [ -108.550927844390046, 28.318055450484795 ], [ -108.479701011367979, 28.369551057543418 ], [ -108.515541405773462, 28.42628431685317 ], [ -108.53128684597587, 28.556668581828955 ], [ -108.551625022692392, 28.577774030491081 ], [ -108.580151203441105, 28.632446340104032 ], [ -108.583824530389407, 28.716315959423778 ], [ -108.58378520739609, 28.740139377119689 ], [ -108.643294422453422, 28.765067556421453 ], [ -108.687129664276611, 28.875650252287155 ], [ -108.729589521783112, 29.096532698391183 ], [ -108.698528203324344, 29.127739564502694 ], [ -108.753869491415983, 29.200098056487462 ], [ -108.730302401727954, 29.269093611599381 ], [ -108.682208576569252, 29.267429813626659 ], [ -108.669732917564758, 29.307416923940302 ], [ -108.717753867095936, 29.465953828634557 ], [ -108.643986317013358, 29.488839505640819 ], [ -108.662309131040388, 29.544481654614732 ], [ -108.638324200104151, 29.558318838263489 ], [ -108.644657150369184, 29.627549215819418 ], [ -108.618280029319408, 29.660525438579029 ], [ -108.659098953167401, 29.716127400811299 ], [ -108.592534382939434, 29.717645729513073 ], [ -108.534964277716213, 29.751364504880645 ], [ -108.541258774789924, 29.796137848584465 ], [ -108.629444182677418, 29.806273844985224 ], [ -108.615751383660623, 29.883518384557068 ], [ -108.628528600990251, 29.953422314849636 ], [ -108.610598200734259, 30.042364184102844 ], [ -108.617572942629465, 30.235977239494709 ], [ -108.620217625923985, 30.298229730117018 ], [ -108.542199017207977, 30.283512166897665 ], [ -108.648652252324567, 30.416864716071782 ], [ -108.664771872536718, 30.468151644166522 ], [ -108.661972902529499, 30.521941890120363 ], [ -108.727439493730742, 30.580476908192203 ], [ -108.83064742335786, 30.601733020000829 ], [ -108.874398481778897, 30.623547906669309 ], [ -108.866925241724829, 30.689386626596537 ], [ -108.93545680122368, 30.773631265409605 ], [ -108.930951887114006, 30.866486654693468 ], [ -108.939242732271779, 30.907565165572997 ], [ -108.80239257376094, 30.904101002351211 ], [ -108.803255460614039, 31.004829266107219 ], [ -108.683807441740768, 31.005973328935063 ], [ -108.684386684109612, 31.033739540895731 ], [ -108.76381578296342, 31.072411459759987 ], [ -108.769996859202308, 31.102471824812774 ], [ -108.845640057726044, 31.135576223027414 ], [ -108.835012348258161, 31.169334704603465 ], [ -108.879812473581751, 31.238785938227089 ], [ -108.817231435273257, 31.239005658952497 ], [ -108.755916145398714, 31.332419011745415 ], [ -108.208492571151822, 31.333363411315808 ], [ -108.208373456542134, 31.783754007845314 ], [ -107.723930855022346, 31.783254161912254 ], [ -106.867678417378798, 31.783842615009402 ], [ -106.528523272876754, 31.783817452420148 ], [ -106.4897294120547, 31.74848372205912 ], [ -106.450928418527567, 31.764368316293609 ], [ -106.381268467226874, 31.732335040575858 ], [ -106.303166115138836, 31.622314674705002 ], [ -106.279279035176941, 31.561188069808097 ], [ -106.249607128173196, 31.5449906304748 ], [ -106.219597141120445, 31.481547518477434 ], [ -106.183294687887425, 31.458180478677214 ], [ -106.07792818601294, 31.398179421317781 ], [ -106.020346442804481, 31.393789023999016 ], [ -105.955292740283923, 31.365126225098169 ], [ -105.931715577275185, 31.312817615373202 ], [ -105.870331308330037, 31.28971583662662 ], [ -105.80849397574741, 31.21884744877703 ], [ -105.774018713797176, 31.167711294490537 ], [ -105.648282853445934, 31.115390536167819 ], [ -105.604142249910126, 31.083268055082943 ], [ -105.557586040056748, 30.99004962963307 ], [ -105.362725539827309, 30.850402500004684 ], [ -105.248024691480126, 30.80013568156496 ], [ -105.217816830767362, 30.805818468274726 ], [ -105.174680378245796, 30.767547257715769 ], [ -105.110000153445455, 30.740020285051742 ], [ -105.05323129473615, 30.681676668392701 ], [ -105.007566930925265, 30.686026092908531 ], [ -104.97167664070264, 30.610004063052429 ], [ -104.925126849547496, 30.605027686511477 ], [ -104.871884672323034, 30.510357164187685 ], [ -104.868632246371689, 30.472643433026406 ], [ -104.859162170849771, 30.390401068441022 ], [ -104.811534206862575, 30.366683469414497 ], [ -104.811714752495135, 30.333531322486913 ], [ -104.761432624066472, 30.301012062561135 ], [ -104.750240151106922, 30.26169272017194 ], [ -104.712558534978911, 30.237393836958407 ], [ -104.686829712848791, 30.179077080763488 ], [ -104.686326576608636, 30.081706150739276 ], [ -104.70659307994994, 30.050576087977809 ], [ -104.680119824659201, 29.974605034945107 ], [ -104.679921404869248, 29.921359879877617 ], [ -104.5865774932753, 29.803469533676612 ], [ -104.54507109713623, 29.715917742033962 ], [ -104.543817237365673, 29.682965531176222 ], [ -104.46740542075716, 29.610816467701316 ], [ -104.398981762253911, 29.573004494693755 ], [ -104.384923315633515, 29.542991464720846 ], [ -104.263644468110428, 29.514158437036468 ], [ -104.208815195628148, 29.480674312802432 ], [ -104.217506849146261, 29.456118555785373 ], [ -104.141584647319817, 29.380236598600131 ], [ -104.037893887940811, 29.319905170286379 ], [ -103.970459704884576, 29.29684152373699 ], [ -103.80964462372755, 29.273330963528391 ], [ -103.77626210308658, 29.220725502473158 ], [ -103.719041857434419, 29.18188964948305 ], [ -103.559175915997599, 29.155337547538227 ], [ -103.450012538135098, 29.072669531181607 ], [ -103.432817137685745, 29.043631652465749 ], [ -103.306961888072053, 29.00392541849698 ], [ -103.35770066475898, 28.920250628347155 ], [ -103.403650250782633, 28.869254171314648 ], [ -103.514512143741413, 28.664997844907493 ], [ -103.557295311129721, 28.611280673907476 ], [ -103.596373703504469, 28.639474547275253 ], [ -103.637501214796956, 28.554505315383199 ], [ -103.642167738164332, 28.544889763496947 ], [ -103.643010796707188, 28.512461870731492 ], [ -103.728332863656959, 28.356491013663444 ], [ -103.76817977937408, 28.300372524721656 ], [ -103.867499861488099, 28.112135673599717 ], [ -103.926691895643813, 27.971356759603626 ], [ -103.877715937772521, 27.957490333664079 ], [ -103.892885844825358, 27.914022962198331 ], [ -103.941867589899672, 27.927796491127406 ], [ -103.935649552625463, 27.797552739585566 ], [ -103.881145340252885, 27.739185743148013 ], [ -103.897262867403882, 27.65654877432036 ], [ -103.859983531808098, 27.571256469861758 ], [ -103.854600947703659, 27.549432735314152 ], [ -103.876876019879774, 27.311592138094941 ], [ -103.832122559080446, 27.298293475778639 ], [ -103.798427335707359, 27.213475688544555 ], [ -103.799398469588994, 27.124729532525922 ], [ -103.751832863288996, 27.076655472345447 ], [ -103.744789159009329, 27.02273114841179 ], [ -103.83591918611117, 26.935813348807159 ], [ -103.85170071480735, 26.896133833768246 ], [ -103.750619731674988, 26.809905082464091 ], [ -103.69909410454261, 26.725256377056461 ], [ -103.861298494125876, 26.754094573726093 ], [ -103.932577473959, 26.75399498839732 ], [ -104.05693320915411, 26.748158291928849 ], [ -104.227808840318161, 26.777153630152334 ], [ -104.27304241125961, 26.842279523801125 ], [ -104.315241611008574, 26.798645479955013 ], [ -104.286543480408156, 26.725402996543622 ], [ -104.330387429999703, 26.656532920414993 ], [ -104.434775239242413, 26.604520535093016 ], [ -104.503061576273566, 26.464980887770853 ], [ -104.501090477230122, 26.414541765634297 ], [ -104.574451479098187, 26.340468283245745 ], [ -104.654075381413264, 26.391053018533032 ], [ -104.713553406968373, 26.466713796277539 ], [ -104.809274138935947, 26.508497415881916 ], [ -104.858948406160877, 26.504557787834703 ], [ -104.898900326525506, 26.51001830418835 ], [ -104.944050416035779, 26.468735166706605 ], [ -105.000581956904014, 26.454362662583755 ], [ -105.056634023418013, 26.41930053472375 ], [ -105.101549556763715, 26.521405521165182 ], [ -105.264682579474083, 26.462072760689441 ], [ -105.317369973970017, 26.462491519958526 ], [ -105.389241847195606, 26.524017323940956 ], [ -105.549003024786373, 26.546578585743962 ], [ -105.601010056061298, 26.614848889457736 ], [ -105.674883062732277, 26.617670315336383 ], [ -105.746341843330569, 26.713868582525098 ], [ -105.794261299010586, 26.698767258252925 ], [ -105.814552890780234, 26.690966912583079 ], [ -105.865437467103675, 26.747375858348242 ], [ -105.93178629797859, 26.76560286014654 ], [ -106.0473390944736, 26.844875911766863 ], [ -106.078105102576743, 26.798310152521701 ], [ -106.157793973112803, 26.770974183625189 ], [ -106.167708451263536, 26.706111745530308 ], [ -106.207922681317044, 26.678064756565895 ], [ -106.241217116877479, 26.544989916380917 ], [ -106.269571428015354, 26.527169427217391 ], [ -106.242030463085868, 26.466823852902611 ], [ -106.297598012419002, 26.396454793864716 ], [ -106.31225756637663, 26.348754400416059 ], [ -106.423820074752626, 26.214779354076828 ] ] ] ] } },
{ "type": "Feature", "properties": { "entidad_cvegeo": "09", "entidad_nombre": "Ciudad de Mexico", "entidad_ge": "SRID=6362;MULTIPOLYGON(((2802175.6602 843326.718400002,2801806.5633 842888.557399999,2801718.0967 842783.537700001,2801723.612 842683.803100001,2801734.0755 842494.589699998,2801439.1828 842283.969700001,2801246.155 842030.404599998,2801239.7489 842021.9", "entidad_si": 0 }, "geometry": { "type": "MultiPolygon", "coordinates": [ [ [ [ -98.968527927219313, 19.210571081683216 ], [ -98.954915731749978, 19.174063397189933 ], [ -98.97899540513643, 19.074455953515386 ], [ -99.028993681798454, 19.085368792354146 ], [ -99.062085749164098, 19.048718717385654 ], [ -99.12543312126914, 19.062064718441047 ], [ -99.135379016212198, 19.089296070859831 ], [ -99.136481476231296, 19.089377991707472 ], [ -99.226777780404461, 19.096060003503826 ], [ -99.27869521819018, 19.131701727063657 ], [ -99.306784733933299, 19.211080831788006 ], [ -99.31336574132952, 19.218967376577535 ], [ -99.315555531232363, 19.227395347476342 ], [ -99.322254851576659, 19.232647834158829 ], [ -99.324320291390208, 19.232609793864704 ], [ -99.35636862986324, 19.30333341984559 ], [ -99.326391995401977, 19.353671635145247 ], [ -99.255807911041643, 19.403572418754962 ], [ -99.239622574608546, 19.412203855024313 ], [ -99.206824976562402, 19.47121507058603 ], [ -99.213838933280698, 19.497252110444425 ], [ -99.157181106210871, 19.502848883166802 ], [ -99.143456845933144, 19.572347070367911 ], [ -99.123706098322842, 19.592757279964371 ], [ -99.11788784658718, 19.590592301354111 ], [ -99.112855949013053, 19.573262627509585 ], [ -99.130574589988328, 19.536091294999267 ], [ -99.09038572726007, 19.509476685066439 ], [ -99.063862533964908, 19.498778714445695 ], [ -99.050868420566388, 19.450181012375275 ], [ -99.055786488670364, 19.422141081466886 ], [ -99.058132880477388, 19.400719580546298 ], [ -98.991893944897257, 19.367553982946543 ], [ -98.974325152345429, 19.337026570049343 ], [ -98.960448243313024, 19.325372152470855 ], [ -98.976530625695304, 19.253125388859033 ], [ -98.945770363434946, 19.224954307529977 ], [ -98.968527927219313, 19.210571081683216 ] ] ] ] } },
{ "type": "Feature", "properties": { "entidad_cvegeo": "10", "entidad_nombre": "Durango", "entidad_ge": "SRID=6362;MULTIPOLYGON(((2107050.4445 1641943.3984,2109767.5274 1639403.9362,2109896.5152 1639687.8364,2109938.5485 1639781.2361,2110018.0683 1639774.8521,2110190.702 1639760.9927,2110286.5745 1639738.6697,2110393.3819 1639689.2305,2110508.3536 1639647.1", "entidad_si": 0 }, "geometry": { "type": "MultiPolygon", "coordinates": [ [ [ [ -103.847750189278656, 23.860971189017146 ], [ -103.816066991998142, 23.80765032360199 ], [ -103.862362344016731, 23.752638388869727 ], [ -103.841027343446569, 23.70126811406762 ], [ -103.785103500642663, 23.67656489975203 ], [ -103.811301945466255, 23.613648806884488 ], [ -103.849178509003352, 23.640081702725347 ], [ -103.879077749279347, 23.611566089585683 ], [ -103.890546071514848, 23.579733232023472 ], [ -104.06512613793825, 23.463536138284656 ], [ -104.11121460013311, 23.351205488625389 ], [ -104.114393058556232, 23.317190892095599 ], [ -104.129022619416801, 23.182214211913333 ], [ -104.172132393598957, 23.128407671692131 ], [ -104.173614456074063, 22.982444948346732 ], [ -104.162799990015429, 22.974946328538486 ], [ -104.165296738064228, 22.941752011340398 ], [ -104.111924107365866, 22.88836160057453 ], [ -104.110143656293118, 22.82295510112413 ], [ -104.090665600794068, 22.775304329981175 ], [ -104.182180844452745, 22.758268101013023 ], [ -104.221038708700291, 22.779420159595951 ], [ -104.263696663707762, 22.716795879275256 ], [ -104.289127708915231, 22.649269693118448 ], [ -104.260257626289516, 22.595214032224757 ], [ -104.322704769524464, 22.533026910842814 ], [ -104.299025422630237, 22.461701871200987 ], [ -104.348842923472759, 22.409716641377646 ], [ -104.37151221068612, 22.421658643195236 ], [ -104.494135201735233, 22.376254993842149 ], [ -104.507398228358682, 22.346031530058777 ], [ -104.574589404934983, 22.394760028800317 ], [ -104.605437001718798, 22.445738477512762 ], [ -104.655291729054298, 22.462154658290515 ], [ -104.656495296919019, 22.541315464120515 ], [ -104.737053003556213, 22.558095662198603 ], [ -104.779679387729672, 22.603023889338367 ], [ -104.779187247568572, 22.642931440615346 ], [ -104.858397056579975, 22.64832670382572 ], [ -104.862493122717993, 22.607070491385734 ], [ -104.960525175120566, 22.505311442311886 ], [ -104.987912531761239, 22.498726586422659 ], [ -105.007552742702998, 22.585671961960216 ], [ -105.07236894474174, 22.656499094179445 ], [ -105.057302699558363, 22.688094001336044 ], [ -104.915636643047165, 22.74853797394961 ], [ -104.905600754748008, 22.799817191109248 ], [ -104.958967311934273, 22.813604605196932 ], [ -104.987464250875277, 22.84618438608306 ], [ -105.009710358080795, 22.92148193387106 ], [ -105.003283615257757, 22.976991997626349 ], [ -105.076015786384446, 22.959638824007435 ], [ -105.297699065211845, 22.95416210701983 ], [ -105.323569886766506, 22.941330168481898 ], [ -105.353804643234952, 23.020256338358475 ], [ -105.350471188178588, 23.060575344686583 ], [ -105.392245390400106, 23.084081987629219 ], [ -105.415892357870561, 23.116897342659062 ], [ -105.501978155635001, 23.128011636706194 ], [ -105.537073983507582, 23.10454106974607 ], [ -105.597640860737201, 23.109149607714098 ], [ -105.645259442744276, 23.143696081235152 ], [ -105.629712524955792, 23.202294527372892 ], [ -105.643208398253208, 23.276479085001888 ], [ -105.684809742759057, 23.285742113793436 ], [ -105.718035235218593, 23.368529472178221 ], [ -105.700320844944727, 23.419685870015947 ], [ -105.738392058440098, 23.44463824836253 ], [ -105.751037558912628, 23.500274991200353 ], [ -105.794909604002726, 23.580053327602414 ], [ -105.811643896733926, 23.611028555445543 ], [ -105.908905361906093, 23.588269552272973 ], [ -105.926633761296785, 23.684135659835015 ], [ -105.926667688303652, 23.761522349619533 ], [ -105.951880702598572, 23.819649581607926 ], [ -105.953661987504063, 23.908584592088893 ], [ -105.86724132918043, 23.875242982742968 ], [ -105.858520743090637, 23.901744846434926 ], [ -105.899919396785592, 23.943921285250255 ], [ -105.908461579811615, 23.983426634844992 ], [ -106.007908195487403, 24.071757127043611 ], [ -105.989077228883161, 24.107997674509779 ], [ -106.074539535720803, 24.269422092767005 ], [ -106.152539617518329, 24.33877037475342 ], [ -106.268869407713296, 24.374755287398887 ], [ -106.327848253866136, 24.361062994534489 ], [ -106.363013264065529, 24.304172503843777 ], [ -106.469654665608346, 24.277856956182823 ], [ -106.508302898334023, 24.29087214599582 ], [ -106.534088918253858, 24.309547791755609 ], [ -106.601588304723435, 24.414565845904477 ], [ -106.560015802054096, 24.47271060935206 ], [ -106.624775002098644, 24.500236051023585 ], [ -106.683608605412417, 24.598530470529287 ], [ -106.705948366653544, 24.665261655610671 ], [ -106.86101517850993, 24.818357735102939 ], [ -106.885998398896106, 24.826351189735259 ], [ -107.018343908306562, 24.933617363775575 ], [ -107.067398994705073, 25.03015520753997 ], [ -107.129891635397001, 25.053138794573609 ], [ -107.124918549167901, 25.186639836486876 ], [ -107.148340253043202, 25.259158854260054 ], [ -107.210132227248067, 25.41710050851934 ], [ -107.158579628858831, 25.442166245969645 ], [ -107.147684236100588, 25.505027213893317 ], [ -107.170069909976903, 25.55954680952058 ], [ -107.10998841707746, 25.560556463669645 ], [ -106.973290456038654, 25.629570437186871 ], [ -106.994324524864325, 25.662232594528724 ], [ -106.899222079968183, 25.643742041003822 ], [ -106.873755985149899, 25.571864827247303 ], [ -106.744796365966096, 25.58516339002442 ], [ -106.652826310477622, 25.558843616675194 ], [ -106.604419389396654, 25.634536297191403 ], [ -106.535538126607676, 25.676830538556278 ], [ -106.464041586258972, 25.741709665364993 ], [ -106.555967749442061, 25.69170662803138 ], [ -106.56012978676651, 25.91270676527828 ], [ -106.547306102541285, 25.952421748388975 ], [ -106.455815467313258, 25.972579201121746 ], [ -106.444712619008214, 26.00508821770056 ], [ -106.471229308516087, 26.060522920547303 ], [ -106.458643591850972, 26.11216069457922 ], [ -106.415614948925594, 26.139400286222081 ], [ -106.423820074752626, 26.214779354076828 ], [ -106.31225756637663, 26.348754400416059 ], [ -106.297598012419002, 26.396454793864716 ], [ -106.242030463085868, 26.466823852902611 ], [ -106.269571428015354, 26.527169427217391 ], [ -106.241217116877479, 26.544989916380917 ], [ -106.207922681317044, 26.678064756565895 ], [ -106.167708451263536, 26.706111745530308 ], [ -106.157793973112803, 26.770974183625189 ], [ -106.078105102576743, 26.798310152521701 ], [ -106.0473390944736, 26.844875911766863 ], [ -105.93178629797859, 26.76560286014654 ], [ -105.865437467103675, 26.747375858348242 ], [ -105.814552890780234, 26.690966912583079 ], [ -105.794261299010586, 26.698767258252925 ], [ -105.746341843330569, 26.713868582525098 ], [ -105.674883062732277, 26.617670315336383 ], [ -105.601010056061298, 26.614848889457736 ], [ -105.549003024786373, 26.546578585743962 ], [ -105.389241847195606, 26.524017323940956 ], [ -105.317369973970017, 26.462491519958526 ], [ -105.264682579474083, 26.462072760689441 ], [ -105.101549556763715, 26.521405521165182 ], [ -105.056634023418013, 26.41930053472375 ], [ -105.000581956904014, 26.454362662583755 ], [ -104.944050416035779, 26.468735166706605 ], [ -104.898900326525506, 26.51001830418835 ], [ -104.858948406160877, 26.504557787834703 ], [ -104.809274138935947, 26.508497415881916 ], [ -104.713553406968373, 26.466713796277539 ], [ -104.654075381413264, 26.391053018533032 ], [ -104.574451479098187, 26.340468283245745 ], [ -104.501090477230122, 26.414541765634297 ], [ -104.503061576273566, 26.464980887770853 ], [ -104.434775239242413, 26.604520535093016 ], [ -104.330387429999703, 26.656532920414993 ], [ -104.286543480408156, 26.725402996543622 ], [ -104.315241611008574, 26.798645479955013 ], [ -104.27304241125961, 26.842279523801125 ], [ -104.227808840318161, 26.777153630152334 ], [ -104.05693320915411, 26.748158291928849 ], [ -103.932577473959, 26.75399498839732 ], [ -103.861298494125876, 26.754094573726093 ], [ -103.69909410454261, 26.725256377056461 ], [ -103.636962917430552, 26.692564910147812 ], [ -103.415963776303869, 26.616735693664868 ], [ -103.374183491807244, 26.602354887780105 ], [ -103.316792600867075, 26.361776184321339 ], [ -103.260825262891117, 26.284726818848615 ], [ -103.35048821788979, 26.142389958727559 ], [ -103.346605252877396, 25.876942345249251 ], [ -103.318917789521095, 25.814801520194209 ], [ -103.339241509364641, 25.725403653381647 ], [ -103.355425084877766, 25.691386947466658 ], [ -103.424954025553831, 25.619985638997914 ], [ -103.454653548348816, 25.557928716197864 ], [ -103.493239383195672, 25.538530442069039 ], [ -103.369062002506155, 25.416460727135632 ], [ -103.341367723794903, 25.410142228969136 ], [ -103.336919996577976, 25.371343880302213 ], [ -103.406919467105709, 25.398899434735842 ], [ -103.461818570912087, 25.376371157655235 ], [ -103.493550302467682, 25.311723689137509 ], [ -103.505833140276138, 25.276568735446183 ], [ -103.444261527412479, 25.208693369631057 ], [ -103.403374142351879, 25.182637727158049 ], [ -103.359539306455503, 25.11002885056514 ], [ -103.266894609924719, 25.055488740182913 ], [ -103.259145899025171, 24.964658775499096 ], [ -103.096791959113631, 24.826531890571093 ], [ -102.988706594384539, 24.796215979927197 ], [ -102.923629274228929, 24.780362855467398 ], [ -102.883580910541028, 24.751033322957912 ], [ -102.853130717853475, 24.772000946515053 ], [ -102.669693982029514, 25.066636492027992 ], [ -102.628884835404619, 25.008321663412357 ], [ -102.673061567719671, 24.942752074849739 ], [ -102.566235783085318, 24.90222075662615 ], [ -102.512182303980353, 24.709721100814125 ], [ -102.479806969943041, 24.490448050812663 ], [ -102.486996212213654, 24.444228385552162 ], [ -102.533931412907151, 24.407722106300877 ], [ -102.611496918510639, 24.400352790489084 ], [ -102.70398678930826, 24.374132539472495 ], [ -102.751600086646135, 24.375826846145056 ], [ -102.788852399999556, 24.406248473556456 ], [ -102.830762401626004, 24.385244978843421 ], [ -102.891478976104054, 24.460844381337537 ], [ -102.901358182787945, 24.428597138234242 ], [ -102.967440174516582, 24.457703634286524 ], [ -102.983572805690329, 24.433257160109527 ], [ -103.043150209071385, 24.466500857309157 ], [ -103.098527283768718, 24.401626597133824 ], [ -103.139509258532925, 24.428470916538931 ], [ -103.187284574581355, 24.423288447937523 ], [ -103.202410778657111, 24.421374867815409 ], [ -103.253531786444626, 24.447253800607591 ], [ -103.428933232527442, 24.411678272968754 ], [ -103.433144334840506, 24.358419244020126 ], [ -103.508065123891456, 24.287722134908485 ], [ -103.563152305970817, 24.25716416570204 ], [ -103.559540173211076, 24.194110817349248 ], [ -103.635969533800662, 24.110293377543865 ], [ -103.660361547907968, 24.149326293729626 ], [ -103.745642541997341, 24.08896510684092 ], [ -103.810281526019708, 24.040091939025665 ], [ -103.850275777493451, 23.988837426250448 ], [ -103.818359834379805, 23.964908603466348 ], [ -103.847750189278656, 23.860971189017146 ] ] ] ] } },
{ "type": "Feature", "properties": { "entidad_cvegeo": "11", "entidad_nombre": "Guanajuato", "entidad_ge": "SRID=6362;MULTIPOLYGON(((2566856.6379 1091418.1357,2567910.8612 1091317.2741,2568571.7466 1091261.2614,2569999.7097 1091143.4251,2570004.3473 1091140.5229,2570513.4706 1090821.912,2570849.6987 1090600.9749,2571319.9959 1090287.8287,2571361.3796 1090260.2", "entidad_si": 0 }, "geometry": { "type": "MultiPolygon", "coordinates": [ [ [ [ -100.448532015777317, 19.982756309702733 ], [ -100.510407246402792, 19.955539395246969 ], [ -100.601893347558843, 19.985893074453958 ], [ -100.619686715906013, 19.957163809195702 ], [ -100.653801270699489, 19.959697793145889 ], [ -100.778813612403411, 19.915149687151725 ], [ -100.792063938542285, 19.955574798309478 ], [ -100.83576183731671, 19.934596426004791 ], [ -100.901585911999447, 19.959505830254344 ], [ -100.958732488198109, 19.930789266669432 ], [ -101.003092015639268, 19.953172994557683 ], [ -100.970278237151931, 20.005170619828991 ], [ -101.013986569569667, 20.045711286311381 ], [ -101.011785397122765, 20.081523168733224 ], [ -101.080241574905727, 20.082849761644798 ], [ -101.132036384841271, 20.060668292605477 ], [ -101.165191105563821, 20.087162969361131 ], [ -101.196318454920529, 20.057188551027295 ], [ -101.20305551404212, 20.007224156711391 ], [ -101.238345975249246, 20.032118558226664 ], [ -101.29166559625466, 20.036065164734197 ], [ -101.328295893113292, 20.031979020978433 ], [ -101.402450547207849, 20.044825554223198 ], [ -101.419891126540634, 20.201590584021332 ], [ -101.363198175516999, 20.195794412206631 ], [ -101.361442037742123, 20.249049962541484 ], [ -101.419696061023117, 20.274444088114176 ], [ -101.458325181000106, 20.269599964120424 ], [ -101.460127019310818, 20.323470972817166 ], [ -101.563639516819237, 20.320473561851252 ], [ -101.627093814346665, 20.303420669728276 ], [ -101.647408805243714, 20.238429192446073 ], [ -101.685478856013575, 20.218461008067244 ], [ -101.796535929925028, 20.21282386723604 ], [ -101.834798427723769, 20.22469693136793 ], [ -101.914889209317991, 20.194407355426094 ], [ -101.939872625276678, 20.227081760762992 ], [ -101.946358681803716, 20.343178100182108 ], [ -102.022008082525218, 20.381205626405357 ], [ -102.096254456896958, 20.384131264526737 ], [ -102.009390169601048, 20.544997446070614 ], [ -101.968960316904358, 20.562381109647159 ], [ -101.955893949271626, 20.628095376177207 ], [ -102.013837491482818, 20.664441171966995 ], [ -102.014389375677766, 20.717063662002037 ], [ -102.073354817060562, 20.749465795553089 ], [ -102.067436092368666, 20.771649683116291 ], [ -102.087680781084131, 20.778845360803821 ], [ -102.054912520862771, 20.846331373584896 ], [ -101.937144373308698, 20.955800862973646 ], [ -101.88646590305504, 21.061129298833301 ], [ -101.871255677783537, 21.09532408301569 ], [ -101.817658805306593, 21.107045695232429 ], [ -101.787271395735729, 21.156382002813238 ], [ -101.773762820066011, 21.219969365122953 ], [ -101.759716505238259, 21.267621732294582 ], [ -101.643177107443023, 21.299335687172313 ], [ -101.645885186007419, 21.328334459265569 ], [ -101.678941825918528, 21.393436270775151 ], [ -101.570415624822786, 21.418535751286086 ], [ -101.589041977228902, 21.464899964183608 ], [ -101.641268837293651, 21.526648322590123 ], [ -101.622781857411056, 21.544797173425259 ], [ -101.586023633992539, 21.607809628607313 ], [ -101.584598767941785, 21.668960101059223 ], [ -101.538832166266374, 21.777334879948999 ], [ -101.510541749819922, 21.799058495959599 ], [ -101.496331245182716, 21.80993965886061 ], [ -101.422708060417747, 21.824965118871049 ], [ -101.365273663520355, 21.839416718617382 ], [ -101.29280526373077, 21.81389565287251 ], [ -101.217152336813299, 21.816077033220754 ], [ -101.161266982567781, 21.757505921550631 ], [ -101.059247966706366, 21.765520740882419 ], [ -100.981974366817965, 21.753527359854061 ], [ -100.902375105299683, 21.682018344106389 ], [ -100.853039695481726, 21.674289933093018 ], [ -100.857612097525717, 21.618959848245726 ], [ -100.751342182344686, 21.580603661041216 ], [ -100.657456071130184, 21.52471797665202 ], [ -100.584427737778853, 21.52230642722991 ], [ -100.533950021378985, 21.542326823577937 ], [ -100.464273921582816, 21.54316816157727 ], [ -100.471453126513495, 21.587570320548455 ], [ -100.451282031214149, 21.666349063916481 ], [ -100.277142911449829, 21.686516236365481 ], [ -100.223184085516294, 21.665634585151722 ], [ -100.18055368292066, 21.650208008396142 ], [ -100.076079771099401, 21.558057160420955 ], [ -100.062276053570159, 21.523305476389599 ], [ -99.957019313893241, 21.526219420873751 ], [ -99.942413626354963, 21.461785763901894 ], [ -99.906005384678551, 21.448136586839155 ], [ -99.867000377694097, 21.473462388437351 ], [ -99.81707411695713, 21.461690821223854 ], [ -99.777349784071163, 21.495022667736741 ], [ -99.779101452484795, 21.394928199330057 ], [ -99.79452201080521, 21.357399414546439 ], [ -99.757893574939899, 21.292140369481146 ], [ -99.707565309202536, 21.314545832923386 ], [ -99.673603086068226, 21.296949539511594 ], [ -99.693409348274287, 21.235896301701509 ], [ -99.73848345916582, 21.23581776366343 ], [ -99.829145297483507, 21.157934870310932 ], [ -99.904222212394032, 21.185322911413753 ], [ -99.986368046309096, 21.218310032461236 ], [ -100.011085733379559, 21.189464339378159 ], [ -100.027543070260862, 21.100253018516241 ], [ -100.014702001501135, 21.05097118675301 ], [ -100.011270545161366, 21.040816738765713 ], [ -100.060746315233644, 21.005815789105661 ], [ -100.092341067164867, 20.93174438191328 ], [ -100.187811128332342, 20.932547554017262 ], [ -100.245544156208581, 20.963328958627308 ], [ -100.265543235147362, 20.929247382597925 ], [ -100.333590802925187, 20.890728475770334 ], [ -100.412791446843215, 20.887806995938309 ], [ -100.47223355940568, 20.928415209083877 ], [ -100.507286618474126, 20.869538223214857 ], [ -100.559332222220391, 20.829914671526723 ], [ -100.548914617428821, 20.736383416757196 ], [ -100.596506863967832, 20.717312172288246 ], [ -100.48884126468954, 20.594397208856186 ], [ -100.504765445041087, 20.555033403296417 ], [ -100.509755583397265, 20.506526840688132 ], [ -100.488383682019943, 20.473312680593033 ], [ -100.469544537228472, 20.386943833336169 ], [ -100.403279380529455, 20.36082264914144 ], [ -100.386378560160793, 20.306849097972592 ], [ -100.350656472071108, 20.28841309949048 ], [ -100.323558373656724, 20.251934021283279 ], [ -100.355236704782357, 20.219018360121332 ], [ -100.380863118044743, 20.130065344972259 ], [ -100.389751106723324, 20.080822931192536 ], [ -100.358263683072281, 20.06491646269232 ], [ -100.362931117134949, 19.989861076923397 ], [ -100.448532015777317, 19.982756309702733 ] ] ] ] } },
{ "type": "Feature", "properties": { "entidad_cvegeo": "12", "entidad_nombre": "Guerrero", "entidad_ge": "SRID=6362;MULTIPOLYGON(((2723198.21 539350.529599998,2723205.2471 539340.839299999,2723206.7249 539331.370099999,2723210.5783 539321.946699999,2723207.9488 539312.614599999,2723201.2627 539302.6021,2723197.733 539292.153999999,2723192.8716 539281.6801000", "entidad_si": 0 }, "geometry": { "type": "MultiPolygon", "coordinates": [ [ [ [ -98.395139406320951, 16.546836427695624 ], [ -98.356846450332696, 16.477412623616686 ], [ -98.365913850296494, 16.423708696272733 ], [ -98.399532994222042, 16.380514007199167 ], [ -98.454180939476188, 16.385793442945843 ], [ -98.520733221075133, 16.360054047750783 ], [ -98.552632441026006, 16.315952583168798 ], [ -98.568797171706464, 16.342355144211655 ], [ -98.723103636865162, 16.49515724304224 ], [ -98.772024519981613, 16.554426232618948 ], [ -98.813382313005434, 16.554569216114075 ], [ -98.856954918648057, 16.528249375100827 ], [ -98.905857632899213, 16.534426747422778 ], [ -99.079948438712265, 16.593577316103328 ], [ -99.23186454270045, 16.634149932371948 ], [ -99.438960899252564, 16.679267623644225 ], [ -99.56696945700142, 16.689027576870892 ], [ -99.608880239993326, 16.684083455610253 ], [ -99.754194120567988, 16.741085195498499 ], [ -99.836832846942627, 16.805280807695958 ], [ -99.851757006905828, 16.844456199891166 ], [ -99.92361520122715, 16.849112810002772 ], [ -99.962739817757608, 16.895317262616018 ], [ -100.002152470322386, 16.914014373834366 ], [ -100.120024765708578, 16.948514930589759 ], [ -100.228723234381732, 16.990228855143815 ], [ -100.418554794265731, 17.05859901213481 ], [ -100.615747594782235, 17.123392249778991 ], [ -100.915830440211238, 17.221869810315358 ], [ -101.057970546294229, 17.274652950834358 ], [ -101.078700752541749, 17.327426795293171 ], [ -101.172871812980972, 17.390824372792089 ], [ -101.205866357293274, 17.428587978405332 ], [ -101.42654879390912, 17.519597656435597 ], [ -101.440680033448004, 17.555121778340212 ], [ -101.509773322377256, 17.622636533704913 ], [ -101.595180388243804, 17.634643191473028 ], [ -101.644655357195347, 17.666459853539497 ], [ -101.667198519407563, 17.734014720089498 ], [ -101.71494050628759, 17.773935663211883 ], [ -101.745796649399736, 17.791665946426431 ], [ -101.804705115806968, 17.8837440620627 ], [ -101.968022511701079, 17.968256783587599 ], [ -102.039410733180006, 17.988709085184627 ], [ -102.101308195925526, 17.981782874628237 ], [ -102.136827944305267, 17.940029820877694 ], [ -102.173275032703998, 17.989636815056347 ], [ -102.184117500065966, 18.061637905192878 ], [ -102.16087980135876, 18.165416702566876 ], [ -102.131148843521913, 18.188865665074673 ], [ -101.978148828114129, 18.207309575759982 ], [ -101.971569318922548, 18.233072032650412 ], [ -101.904572869555594, 18.247871027487957 ], [ -101.864786216347937, 18.285747674207364 ], [ -101.861894452064689, 18.357181776766311 ], [ -101.88893555885123, 18.399063614179777 ], [ -101.861732426984034, 18.444919477141276 ], [ -101.886539531191488, 18.477223366700024 ], [ -101.879509086979098, 18.539251556083443 ], [ -101.855949905376335, 18.559488442843275 ], [ -101.771794187070782, 18.603721397330318 ], [ -101.705683864190163, 18.59077481031014 ], [ -101.638993135851138, 18.602534393444788 ], [ -101.607466892838033, 18.577936598119386 ], [ -101.583563334940962, 18.520994766152448 ], [ -101.501325127039138, 18.487049479926764 ], [ -101.481245646185371, 18.4904536469375 ], [ -101.37617500932636, 18.50896546429798 ], [ -101.282077172048886, 18.544734030141655 ], [ -101.212788983834301, 18.536549408721349 ], [ -101.18697068030842, 18.517729324411356 ], [ -101.088660859095327, 18.505907856008271 ], [ -101.033282110654355, 18.526803445168941 ], [ -100.920721718587373, 18.445694461254273 ], [ -100.879803422450507, 18.488409603072569 ], [ -100.824503688708091, 18.474198342222945 ], [ -100.775908704139567, 18.438155660034731 ], [ -100.69829263285007, 18.418924489105972 ], [ -100.683688932733872, 18.386912057281005 ], [ -100.639675181714864, 18.363918406420932 ], [ -100.590340933874188, 18.414692532933884 ], [ -100.649516978319795, 18.462147348159164 ], [ -100.74422518240776, 18.518072968157362 ], [ -100.764895723641416, 18.561211343227441 ], [ -100.75157671305557, 18.633494483733678 ], [ -100.772935191094959, 18.732567701123845 ], [ -100.796911979222614, 18.746270165758538 ], [ -100.79047453594211, 18.825433839433856 ], [ -100.766673682482462, 18.865415159601312 ], [ -100.724005251246922, 18.849235390728765 ], [ -100.692860460413712, 18.800735707550274 ], [ -100.613091003664294, 18.887100645397549 ], [ -100.538619891744659, 18.844110641817071 ], [ -100.422156299986739, 18.763459712488945 ], [ -100.454474944472324, 18.694417715447155 ], [ -100.48841631913794, 18.653191102884044 ], [ -100.474289316314326, 18.619216122025332 ], [ -100.429733300980686, 18.599273212620488 ], [ -100.447889537357611, 18.560696791961444 ], [ -100.395953692167907, 18.540520090439465 ], [ -100.362003177659176, 18.496847235478835 ], [ -100.385356989610258, 18.426524140767146 ], [ -100.305693402678301, 18.368094074392168 ], [ -100.291978271490052, 18.381605918443597 ], [ -100.257595155066724, 18.42836311402575 ], [ -100.227026416491981, 18.430855842968267 ], [ -100.158141032450828, 18.491954125829508 ], [ -100.089951139039854, 18.522160786910138 ], [ -100.076835979521334, 18.548757837562473 ], [ -100.068115166222327, 18.591207358760006 ], [ -100.021528297325673, 18.603732614195042 ], [ -99.961672265182358, 18.552978906876426 ], [ -99.942901840617338, 18.589898752369489 ], [ -99.883441616472311, 18.619149590021589 ], [ -99.858149408167279, 18.612272071994909 ], [ -99.786074951122458, 18.63958513523735 ], [ -99.73883149902376, 18.737340634353497 ], [ -99.70915789081198, 18.768838883885039 ], [ -99.696993513004728, 18.786336928913556 ], [ -99.580818776206129, 18.730282831299327 ], [ -99.533019554897606, 18.694495563582937 ], [ -99.494414148093881, 18.720544799799931 ], [ -99.480731921551836, 18.684552191972916 ], [ -99.464415891440893, 18.643669992345735 ], [ -99.422882187732966, 18.562067882161799 ], [ -99.379216122845364, 18.520530687477457 ], [ -99.328367819629875, 18.459540242162316 ], [ -99.268719389940259, 18.453321145772428 ], [ -99.2044293581624, 18.455281954201975 ], [ -99.135542883786158, 18.460801932340889 ], [ -99.127899287790441, 18.426714702202922 ], [ -99.066050512945523, 18.367105211258746 ], [ -99.065963984620268, 18.332566502045619 ], [ -99.054036209396173, 18.252305185010655 ], [ -98.995003904772574, 18.237391992642998 ], [ -99.000066316004393, 18.190204909119679 ], [ -98.884785671455973, 18.167032271045201 ], [ -98.859161816147449, 18.128781677834144 ], [ -98.860177978013937, 18.092318568857419 ], [ -98.869811810867944, 18.057216659161821 ], [ -98.812283297477251, 18.063631019346236 ], [ -98.768622293767194, 18.019516951324153 ], [ -98.766946797970917, 17.989265669111933 ], [ -98.688102019615158, 17.961938171147004 ], [ -98.644519483244466, 17.933643820671737 ], [ -98.584930458565807, 17.973944364360793 ], [ -98.48679693261694, 17.990798747733599 ], [ -98.434220809710283, 17.983907520665927 ], [ -98.439229548661018, 17.91899580414945 ], [ -98.424891780627249, 17.865989764376867 ], [ -98.424956987652195, 17.839594509263211 ], [ -98.47101669125702, 17.788807932005881 ], [ -98.493939777497175, 17.772966710062711 ], [ -98.489655623327025, 17.703438888998505 ], [ -98.47070456061563, 17.678095990430574 ], [ -98.461044742552332, 17.630358855296944 ], [ -98.412397049714173, 17.601006049057482 ], [ -98.376971586059554, 17.605349065244287 ], [ -98.32962706187493, 17.533262855158334 ], [ -98.331644897091081, 17.519473033034316 ], [ -98.332380772548291, 17.47198199239244 ], [ -98.304914784188242, 17.394303766539164 ], [ -98.304810516445627, 17.327519824345668 ], [ -98.322699533194367, 17.274839155262892 ], [ -98.302142843619478, 17.246285801590172 ], [ -98.242351143633982, 17.250561515596235 ], [ -98.203136232092945, 17.216287412172036 ], [ -98.21768113383834, 17.186864319701829 ], [ -98.220404056003943, 17.126561940575201 ], [ -98.183454811197052, 17.117695360244202 ], [ -98.098781560834269, 17.083850172084432 ], [ -98.080913976785524, 17.066581203279071 ], [ -98.072604284512067, 17.064381823624828 ], [ -98.025185659427379, 17.019216307041273 ], [ -98.030157732230251, 17.015757067729556 ], [ -98.057494404005112, 17.023776455947303 ], [ -98.097113684078479, 16.96888479727042 ], [ -98.080719624366466, 16.884951224135563 ], [ -98.081093997135739, 16.833401286457899 ], [ -98.10815703409304, 16.760951385090031 ], [ -98.13537652172819, 16.757390841706911 ], [ -98.138993996882178, 16.723783803510031 ], [ -98.23796859110233, 16.707407491382853 ], [ -98.22845877844567, 16.639503703168966 ], [ -98.205525815961906, 16.585927097406358 ], [ -98.292829491904243, 16.557780580693333 ], [ -98.316637011276157, 16.569866821374777 ], [ -98.395139406320951, 16.546836427695624 ] ] ] ] } },
{ "type": "Feature", "properties": { "entidad_cvegeo": "13", "entidad_nombre": "Hidalgo", "entidad_ge": "SRID=6362;MULTIPOLYGON(((2862894.7345 1047165.2237,2862941.8776 1047154.1573,2862988.5459 1047165.5579,2863026.3834 1047172.8541,2863064.5984 1047193.8392,2863090.9943 1047202.726,2863146.0439 1047210.5187,2863175.3061 1047184.6477,2863202.4068 1047156.5", "entidad_si": 0 }, "geometry": { "type": "MultiPolygon", "coordinates": [ [ [ [ -98.31449702084052, 19.854514743512986 ], [ -98.283540455377363, 19.846969161078594 ], [ -98.215109343406709, 19.741314451217455 ], [ -98.255318917436938, 19.718829019384941 ], [ -98.331667207521363, 19.722319966665186 ], [ -98.323803144156301, 19.685297647692202 ], [ -98.367010804796408, 19.628209488993686 ], [ -98.381696842990891, 19.609361863272596 ], [ -98.409564354030437, 19.616688431385271 ], [ -98.491613840956134, 19.607367832189574 ], [ -98.535575777877938, 19.634418872882751 ], [ -98.579537388382747, 19.637660531961444 ], [ -98.609020718994586, 19.602358771271636 ], [ -98.665577097184126, 19.606153740277112 ], [ -98.664680996218664, 19.660405324691528 ], [ -98.644186580357456, 19.648830897747871 ], [ -98.6081017087145, 19.72507503719001 ], [ -98.596866655622563, 19.765839761392606 ], [ -98.639764041787714, 19.810872539990466 ], [ -98.660658553693921, 19.834879558541857 ], [ -98.729291642084078, 19.864973461673792 ], [ -98.75469904547532, 19.876790465987966 ], [ -98.814826358237937, 19.867844417952973 ], [ -98.870619955373812, 19.894958026292905 ], [ -98.913850721151263, 19.876924307729084 ], [ -98.945489393906229, 19.803801780475151 ], [ -98.970198433030333, 19.808697303817386 ], [ -99.020581157865436, 19.867682656564071 ], [ -98.989224739852474, 19.881443516681784 ], [ -98.952722603609587, 19.906714563380511 ], [ -98.999778506660135, 19.941825020244202 ], [ -98.944742477534916, 19.975051642856794 ], [ -98.961103279604202, 20.040945486894167 ], [ -99.00564429556276, 20.053204514182358 ], [ -99.011256370682716, 19.982122379446952 ], [ -99.070943868154586, 20.018017517393844 ], [ -99.118153179072422, 20.029304460492344 ], [ -99.142513192805367, 20.026973260161704 ], [ -99.215394437246161, 19.954614408177495 ], [ -99.218287915015509, 19.889070352214532 ], [ -99.235947540368741, 19.873494193009606 ], [ -99.296943789066191, 19.835222251799081 ], [ -99.343480310664717, 19.780502143793683 ], [ -99.387825668752257, 19.777338625146381 ], [ -99.373249908905763, 19.851541849026756 ], [ -99.43009399644977, 19.870857151590048 ], [ -99.432692201354925, 19.875256618483863 ], [ -99.483981470435097, 19.905176522820245 ], [ -99.473622571470386, 19.954443932949946 ], [ -99.444470569263572, 19.985059000400963 ], [ -99.440747865413073, 20.013353735194354 ], [ -99.487140964653989, 20.10515323039338 ], [ -99.505267152780334, 20.160464616280912 ], [ -99.512240252530077, 20.175100175863001 ], [ -99.528680772468817, 20.163583540107091 ], [ -99.69898339497415, 20.172447914201729 ], [ -99.729185123406353, 20.172047647472585 ], [ -99.840623652802449, 20.280647724902234 ], [ -99.841889595257442, 20.281881422523501 ], [ -99.859106421467132, 20.268470547234909 ], [ -99.835442390873084, 20.477828508971008 ], [ -99.835079839587138, 20.481035728427536 ], [ -99.828124239201202, 20.542538691578887 ], [ -99.735273483155098, 20.564858320887286 ], [ -99.658014078390693, 20.601755422167219 ], [ -99.607604829690672, 20.606202194673468 ], [ -99.573675378432938, 20.634766497990761 ], [ -99.501922667153295, 20.65896222058997 ], [ -99.546999074153447, 20.727745350647282 ], [ -99.496452549987154, 20.781316391927341 ], [ -99.482571993083866, 20.83924874638749 ], [ -99.448646709247313, 20.857668343117389 ], [ -99.404357046428828, 20.92914987884409 ], [ -99.383954985763651, 21.009715748678804 ], [ -99.363901205813008, 21.048509307084473 ], [ -99.389892186281713, 21.102415858409984 ], [ -99.336046325670978, 21.130102897513339 ], [ -99.308587110603469, 21.147313107191657 ], [ -99.24355879858004, 21.103850921235303 ], [ -99.180875891875587, 21.126641045242167 ], [ -99.132564894163764, 21.153031791750635 ], [ -99.054787936156615, 21.159439084729062 ], [ -99.043079853317437, 21.178677242051549 ], [ -99.055138496165341, 21.282538470075533 ], [ -98.944960752120508, 21.311336584792574 ], [ -98.942542018676363, 21.302655993613527 ], [ -98.903638767017242, 21.212657132583828 ], [ -98.824537145460141, 21.161248145369775 ], [ -98.768712487980963, 21.174408331413154 ], [ -98.719523289923814, 21.184158845775478 ], [ -98.691096299933918, 21.1674716329833 ], [ -98.639598044857408, 21.183140211263286 ], [ -98.609120639435602, 21.20099896451217 ], [ -98.599131460384896, 21.292050413077224 ], [ -98.671014607323229, 21.324955077735144 ], [ -98.644046653266031, 21.366539467955185 ], [ -98.603340277715176, 21.357946073933395 ], [ -98.504348744407579, 21.389362567283722 ], [ -98.467359945371868, 21.378615363174536 ], [ -98.497842824692441, 21.327886734982265 ], [ -98.541159398634235, 21.26947890048935 ], [ -98.516543368486523, 21.244268951319942 ], [ -98.46923418235987, 21.249501863317917 ], [ -98.446387227263841, 21.179703532986071 ], [ -98.424014112655172, 21.167260697036738 ], [ -98.364966070583137, 21.161738377384705 ], [ -98.340731811663275, 21.169796289821875 ], [ -98.309441080785419, 21.184998348366534 ], [ -98.296150254696698, 21.187961538486388 ], [ -98.282173776612765, 21.136417379581175 ], [ -98.227287086089731, 21.150398379674623 ], [ -98.187563225429599, 21.110818305028044 ], [ -98.149137854518514, 21.083021887787769 ], [ -98.155677946626966, 21.033386179547357 ], [ -98.190895162257448, 21.026378465649763 ], [ -98.237296835835849, 20.930965305012428 ], [ -98.224869371374268, 20.906621558088489 ], [ -98.262322873433135, 20.846892545188929 ], [ -98.247970678988793, 20.789396471904276 ], [ -98.325967273316508, 20.784184931961217 ], [ -98.343535525936304, 20.797937645815104 ], [ -98.345145535938059, 20.864852540168727 ], [ -98.425138310501808, 20.849604581486563 ], [ -98.443680181223868, 20.834323512906487 ], [ -98.475607628581571, 20.739175446844641 ], [ -98.531988402550667, 20.713282708187684 ], [ -98.466468016080611, 20.710267119685046 ], [ -98.42551050768536, 20.748929289633377 ], [ -98.429201253564642, 20.716411528922556 ], [ -98.494846729523715, 20.644340511166586 ], [ -98.505863959294814, 20.596237752803347 ], [ -98.524492343367811, 20.548362234673224 ], [ -98.59498419714231, 20.491106323874632 ], [ -98.550441213902559, 20.432522537222784 ], [ -98.534486837599857, 20.347023816561808 ], [ -98.469597888004557, 20.335068708495445 ], [ -98.458548132813632, 20.333650519850583 ], [ -98.386212716232066, 20.402667851341299 ], [ -98.317277671009137, 20.428780639060708 ], [ -98.263650925972129, 20.491369859718144 ], [ -98.212121279840645, 20.528517167910067 ], [ -98.172508393043245, 20.530058084412438 ], [ -98.111237185710365, 20.616168480871245 ], [ -98.100524872609199, 20.614026899328611 ], [ -98.066782894559665, 20.673869739897135 ], [ -98.039979421160055, 20.63193242410803 ], [ -98.004166375227058, 20.524879525858079 ], [ -97.985043407527641, 20.517036493759186 ], [ -97.988790993431365, 20.495385200580809 ], [ -98.012763703895104, 20.466726294339285 ], [ -98.025568014517461, 20.44858449839284 ], [ -98.070602631285126, 20.430141417460664 ], [ -98.09389049743416, 20.386634756825877 ], [ -98.099732688464016, 20.382430824789232 ], [ -98.112503779771515, 20.354295728775842 ], [ -98.190286964454231, 20.294016407800378 ], [ -98.257417550392589, 20.298556423643905 ], [ -98.284443535653935, 20.262788849318202 ], [ -98.259740572836833, 20.215263810186446 ], [ -98.191970304832196, 20.258137334393457 ], [ -98.147005210942822, 20.220614025577817 ], [ -98.129800632108086, 20.176642533935411 ], [ -98.10507942551115, 20.14227951378717 ], [ -98.128272666434881, 20.107202647938006 ], [ -98.157744808102137, 20.084197860698836 ], [ -98.173607413388709, 20.033754944545034 ], [ -98.166978781744888, 19.971801895284582 ], [ -98.219061732250239, 19.9671962977018 ], [ -98.269351844334111, 19.895709130896378 ], [ -98.31449702084052, 19.854514743512986 ] ] ] ] } },
{ "type": "Feature", "properties": { "entidad_cvegeo": "14", "entidad_nombre": "Jalisco", "entidad_ge": "SRID=6362;MULTIPOLYGON(((2204955.6181 806750.447700001,2204955.9926 806727.377700001,2204945.6509 806699.383099999,2204981.4213 806663.613699999,2204932.0846 806656.100299999,2204926.9623 806612.642700002,2204886.8937 806585.469500002,2204888.0702 806513", "entidad_si": 0 }, "geometry": { "type": "MultiPolygon", "coordinates": [ [ [ [ -103.24844951622444, 19.014542363678167 ], [ -103.332485172718776, 18.973251313528159 ], [ -103.395669181686245, 18.967253663828867 ], [ -103.419452725788886, 18.981250693733781 ], [ -103.488594343204568, 18.964889150402296 ], [ -103.488505542908769, 19.027586746478711 ], [ -103.525582279525381, 19.077809759921315 ], [ -103.497630882220122, 19.174642148770396 ], [ -103.514133778211445, 19.217193084022579 ], [ -103.509522305825271, 19.241755818931363 ], [ -103.486473535534586, 19.337945204378727 ], [ -103.577209779433716, 19.41693451050422 ], [ -103.612445606310047, 19.488858949824092 ], [ -103.618276501302773, 19.512518771440526 ], [ -103.690434352537622, 19.492031903118487 ], [ -103.716156456171191, 19.456958053237415 ], [ -103.820847427846203, 19.410512240830027 ], [ -103.834521264954333, 19.439841419231453 ], [ -103.899521593074454, 19.434547243189996 ], [ -104.061725062571824, 19.49770293182155 ], [ -104.071485510131239, 19.483532993618418 ], [ -104.090226210753443, 19.393024797014245 ], [ -104.133344117285972, 19.35374583721455 ], [ -104.122905860671779, 19.320998376369435 ], [ -104.22326891635042, 19.301685594508662 ], [ -104.247690986991898, 19.312178901185188 ], [ -104.357942971172804, 19.270569287093398 ], [ -104.439165015393314, 19.278047563151286 ], [ -104.474009150851259, 19.236548133136722 ], [ -104.523319386640779, 19.260372379613912 ], [ -104.570437416312046, 19.214805750679787 ], [ -104.576937615819929, 19.180204607347331 ], [ -104.690227277514097, 19.176544535023751 ], [ -104.684482279562488, 19.200941182808279 ], [ -104.732707280639644, 19.239377211635027 ], [ -104.775231737166848, 19.23914629520759 ], [ -104.79183239185825, 19.292265212730506 ], [ -104.834726913986174, 19.306273926882071 ], [ -104.88138207492787, 19.286811303674305 ], [ -104.955920698319176, 19.324301251972987 ], [ -105.031630781833357, 19.387816922253336 ], [ -105.019562087452158, 19.420765074876602 ], [ -105.081251560628118, 19.505172341403082 ], [ -105.088953834213342, 19.560453209863368 ], [ -105.119538833932111, 19.587327656021813 ], [ -105.200002376928055, 19.62227211939047 ], [ -105.220298335541599, 19.645693141151735 ], [ -105.2622726233365, 19.679670500779242 ], [ -105.358281403230563, 19.82272078505838 ], [ -105.490605156796235, 19.989064729929328 ], [ -105.548969093709815, 20.098508285929167 ], [ -105.543212619551056, 20.181352056461279 ], [ -105.558102785207581, 20.23091888111076 ], [ -105.65616178424817, 20.317713055481313 ], [ -105.692300671464665, 20.388038851712615 ], [ -105.614447226140172, 20.471355535111048 ], [ -105.517874963802953, 20.493514184027276 ], [ -105.325408839634051, 20.512201594295544 ], [ -105.25780020473384, 20.557695296064338 ], [ -105.232958285300299, 20.615433296954649 ], [ -105.281000025185577, 20.671965765515846 ], [ -105.196961141210267, 20.777171027908224 ], [ -105.1733719118631, 20.767773591013334 ], [ -105.15262214154869, 20.862623851759164 ], [ -105.08796654495012, 20.923168682953897 ], [ -105.046804853274267, 20.934283861859925 ], [ -104.968821741583241, 20.90902595338363 ], [ -104.899107764350532, 20.948514413754715 ], [ -104.867558583021975, 20.994589497453251 ], [ -104.799565618643072, 21.015728823558305 ], [ -104.731663836147646, 21.012257337953841 ], [ -104.729362764094461, 20.983154141743515 ], [ -104.680999962688475, 20.94384061560762 ], [ -104.629088021829858, 20.92415907177627 ], [ -104.618894298607685, 20.923773745756058 ], [ -104.578166330194819, 20.933951167871886 ], [ -104.542852280491005, 20.911939574697534 ], [ -104.50321744975686, 20.841816385435042 ], [ -104.396622378221792, 20.780836786022174 ], [ -104.37662044495579, 20.74690980213202 ], [ -104.287073188127891, 20.687151047887468 ], [ -104.282010953990408, 20.628993353200485 ], [ -104.256801736197744, 20.603470371142613 ], [ -104.247333815009256, 20.689916101381183 ], [ -104.247837883839978, 20.72652387596052 ], [ -104.350402332129661, 20.811643967079469 ], [ -104.292339245428252, 20.848780872569691 ], [ -104.259492783907206, 20.893974605591072 ], [ -104.204841774175591, 20.959900907780185 ], [ -104.23312944464432, 20.968743373009712 ], [ -104.238394833526598, 21.052273140265751 ], [ -104.216718574817122, 21.085791193847694 ], [ -104.219397977401798, 21.176610587053055 ], [ -104.098177007555449, 21.200544514506809 ], [ -104.071788974004278, 21.188590774484176 ], [ -104.015754729404819, 21.208484103406285 ], [ -103.971275952382214, 21.256328684899703 ], [ -103.917898702145351, 21.231027776582824 ], [ -103.861889540201773, 21.248868362219586 ], [ -103.749584649218306, 21.336944123759466 ], [ -103.745689888602698, 21.363038893105806 ], [ -103.765418714974416, 21.386021054663757 ], [ -103.742030639401591, 21.44155783120036 ], [ -103.780071348105565, 21.49998177469087 ], [ -103.825776825025756, 21.494498547403381 ], [ -103.923183005564397, 21.590028048998253 ], [ -103.930249447436537, 21.641914436361571 ], [ -103.890440165749624, 21.699440435030262 ], [ -103.926516382990968, 21.736298157679474 ], [ -103.922595622150482, 21.770989236409065 ], [ -103.9777574890946, 21.771332435647057 ], [ -104.052615202437138, 21.794645950031263 ], [ -104.130381597940669, 21.79045131688876 ], [ -104.18917049796741, 21.849046821114523 ], [ -104.199967973246103, 21.894267029373111 ], [ -104.173655481971835, 21.970882892561537 ], [ -104.245257025360061, 21.966911611134876 ], [ -104.295791659662527, 22.00239038923117 ], [ -104.363722687279278, 21.974000917463666 ], [ -104.373223633564862, 22.101355874816768 ], [ -104.336550609702741, 22.18672193839857 ], [ -104.328601656593904, 22.245486077897642 ], [ -104.295639504669623, 22.276908462278193 ], [ -104.29256360485337, 22.344315803906948 ], [ -104.254442420834891, 22.392476290142056 ], [ -104.208783700784139, 22.422483867614964 ], [ -104.18951877183234, 22.507785686711404 ], [ -104.143091140387966, 22.504651471389952 ], [ -104.079872459231382, 22.533220175177682 ], [ -104.054790636597659, 22.489445087755911 ], [ -104.080715973840825, 22.390860623386018 ], [ -104.023179038525981, 22.364493483120086 ], [ -103.931205824663621, 22.476749182938732 ], [ -103.941728419306457, 22.502187216535109 ], [ -104.005570827452686, 22.536600283325047 ], [ -103.988884070840413, 22.592474386539724 ], [ -104.033204624468326, 22.632233681100892 ], [ -104.046605501815392, 22.684248618927192 ], [ -104.025690528397661, 22.743278159334285 ], [ -103.91001821974875, 22.750143732927203 ], [ -103.898327627812932, 22.728277308422083 ], [ -103.781385261757791, 22.729817071015933 ], [ -103.754806170736245, 22.719547779572249 ], [ -103.761744004557301, 22.62707428881378 ], [ -103.855333532161168, 22.57495197219027 ], [ -103.875186379677928, 22.521575870765524 ], [ -103.882571594926276, 22.401615006259924 ], [ -103.926022439150103, 22.331615611894229 ], [ -103.917520247094203, 22.2645423219662 ], [ -103.886970385046496, 22.227060727836918 ], [ -103.844075553943483, 22.222065928292583 ], [ -103.829153056777471, 22.289931182845695 ], [ -103.845434229092575, 22.342757499956502 ], [ -103.811151730107213, 22.376745223368918 ], [ -103.806257884302099, 22.441831479059541 ], [ -103.769102088882789, 22.555789152198432 ], [ -103.726555010194645, 22.574146631905723 ], [ -103.662822641277643, 22.548004644993391 ], [ -103.610234730276744, 22.559517507977858 ], [ -103.560617756568362, 22.42310661395917 ], [ -103.594019731157672, 22.407214945049454 ], [ -103.606710582950043, 22.338305798116867 ], [ -103.637788098932887, 22.29523310562708 ], [ -103.599652240645867, 22.277692734930437 ], [ -103.630896404721085, 22.238917963469408 ], [ -103.690798111240611, 22.128276630356357 ], [ -103.60470456706075, 22.097941578705434 ], [ -103.538188433723761, 22.121449243100688 ], [ -103.501564196196099, 22.105564012082397 ], [ -103.449550780600831, 22.114383539114566 ], [ -103.429999561661262, 22.135623630399682 ], [ -103.408959626371058, 22.215364909732116 ], [ -103.299065894757348, 22.249109166170868 ], [ -103.2977903388729, 22.298337254109004 ], [ -103.362553197702894, 22.336354001119883 ], [ -103.364716669407485, 22.369535628942451 ], [ -103.305357086625577, 22.390398559302145 ], [ -103.285817332376766, 22.412831265059669 ], [ -103.219597040400387, 22.410482022383526 ], [ -103.170863612692884, 22.384678676622404 ], [ -103.168696949195777, 22.355692453516969 ], [ -103.220369083460753, 22.296401132498225 ], [ -103.098998550323557, 22.292308678354406 ], [ -103.07869067755621, 22.25818059292083 ], [ -103.057598239557166, 22.237864977121834 ], [ -103.106058774488986, 22.19135603322696 ], [ -103.126598900181705, 22.104036955412447 ], [ -103.15428531605923, 22.072236820381729 ], [ -103.106165356127548, 22.047010482879585 ], [ -103.109990975687666, 22.017405644876391 ], [ -103.17253557797973, 21.996619809563882 ], [ -103.193119588122741, 21.969573280441452 ], [ -103.264715348779703, 21.971844988638729 ], [ -103.338740901357923, 21.942302182541908 ], [ -103.389151327059906, 21.898720382380674 ], [ -103.418983615829049, 21.896156267242063 ], [ -103.458517093104348, 21.835210084630063 ], [ -103.502817449759362, 21.833074708094873 ], [ -103.57262725786174, 21.803489835656759 ], [ -103.509138532290137, 21.741796860608531 ], [ -103.548709255310911, 21.649913694879434 ], [ -103.554666128552228, 21.576634619555087 ], [ -103.591479000596578, 21.589051204702859 ], [ -103.686372379610134, 21.556482292980601 ], [ -103.669305853104433, 21.465702455219322 ], [ -103.624325478876287, 21.418496233454746 ], [ -103.548263846121529, 21.440481852293654 ], [ -103.514721492070677, 21.396404024438439 ], [ -103.523257104446159, 21.352008335554419 ], [ -103.584442131986208, 21.335374740879118 ], [ -103.663353989925113, 21.338264044657812 ], [ -103.720839096484994, 21.307961069470505 ], [ -103.635136984064289, 21.28317984841642 ], [ -103.640195882323269, 21.222072408908041 ], [ -103.624538259885327, 21.193145687809348 ], [ -103.614556454888898, 21.158227089622986 ], [ -103.57012430572523, 21.117754318101074 ], [ -103.514552030713958, 21.144736492339632 ], [ -103.468849308124703, 21.143462496440524 ], [ -103.435115662762186, 21.141969316304731 ], [ -103.397602589678698, 21.084995669273198 ], [ -103.346994753157162, 21.044245888499699 ], [ -103.279812558943746, 21.056843447495098 ], [ -103.258234615503568, 21.083066437527837 ], [ -103.209107213299689, 21.094140925010077 ], [ -103.125974363583012, 21.054849428057395 ], [ -103.058321623303726, 21.098472538205627 ], [ -103.098615063848229, 21.131171528956912 ], [ -103.04956945797538, 21.263354799680535 ], [ -102.989504028346076, 21.256675740157192 ], [ -102.910652172407026, 21.205234661853964 ], [ -102.863557134388074, 21.252937210721836 ], [ -102.817600699828617, 21.318541110658092 ], [ -102.727959764569178, 21.357087802938985 ], [ -102.72912806611329, 21.387355540570233 ], [ -102.68184345143294, 21.339158078592945 ], [ -102.6425948955265, 21.367200597391324 ], [ -102.654994042594595, 21.44012736151128 ], [ -102.624841510863774, 21.50141148549098 ], [ -102.64199387712533, 21.535948832424268 ], [ -102.717487790205254, 21.571493215199872 ], [ -102.763793510210789, 21.595753706711456 ], [ -102.80282380022075, 21.667547570380979 ], [ -102.805283063511752, 21.671011546276414 ], [ -102.747672034554341, 21.715983299301229 ], [ -102.745299934684567, 21.720052307497745 ], [ -102.633493835301934, 21.767339457284766 ], [ -102.583140426508848, 21.743858403302116 ], [ -102.542452433936703, 21.732604369437595 ], [ -102.41962845593487, 21.669406406430479 ], [ -102.384397722247485, 21.651887097605659 ], [ -102.325722068521827, 21.622266484534688 ], [ -102.295370790732605, 21.653098719520994 ], [ -102.226997137944863, 21.656809673778149 ], [ -102.214266758893558, 21.694818855221097 ], [ -102.142099724323273, 21.705374291733364 ], [ -102.104656843283351, 21.751850545767937 ], [ -102.064507640322788, 21.796204841079639 ], [ -102.03841751313206, 21.853198039968735 ], [ -101.94124308434688, 21.889486366268418 ], [ -101.880212613633475, 21.910149783600016 ], [ -101.897780213161511, 21.958387912720486 ], [ -101.863798714624934, 21.990015660024039 ], [ -101.861669820684256, 22.028883827066529 ], [ -101.801886019394985, 22.027818118016583 ], [ -101.751004007508172, 22.014645430497275 ], [ -101.65914109229881, 21.941594886806215 ], [ -101.650695698859806, 21.907675394425119 ], [ -101.56980627952106, 21.917080741797896 ], [ -101.561421299540598, 21.836051263808077 ], [ -101.510541749819922, 21.799058495959599 ], [ -101.538832166266374, 21.777334879948999 ], [ -101.584598767941785, 21.668960101059223 ], [ -101.586023633992539, 21.607809628607313 ], [ -101.622781857411056, 21.544797173425259 ], [ -101.641268837293651, 21.526648322590123 ], [ -101.589041977228902, 21.464899964183608 ], [ -101.570415624822786, 21.418535751286086 ], [ -101.678941825918528, 21.393436270775151 ], [ -101.645885186007419, 21.328334459265569 ], [ -101.643177107443023, 21.299335687172313 ], [ -101.759716505238259, 21.267621732294582 ], [ -101.773762820066011, 21.219969365122953 ], [ -101.787271395735729, 21.156382002813238 ], [ -101.817658805306593, 21.107045695232429 ], [ -101.871255677783537, 21.09532408301569 ], [ -101.88646590305504, 21.061129298833301 ], [ -101.937144373308698, 20.955800862973646 ], [ -102.054912520862771, 20.846331373584896 ], [ -102.087680781084131, 20.778845360803821 ], [ -102.067436092368666, 20.771649683116291 ], [ -102.073354817060562, 20.749465795553089 ], [ -102.014389375677766, 20.717063662002037 ], [ -102.013837491482818, 20.664441171966995 ], [ -101.955893949271626, 20.628095376177207 ], [ -101.968960316904358, 20.562381109647159 ], [ -102.009390169601048, 20.544997446070614 ], [ -102.096254456896958, 20.384131264526737 ], [ -102.162487986781073, 20.379622176731882 ], [ -102.180082256836727, 20.355259897293088 ], [ -102.219352016723718, 20.351095201028343 ], [ -102.267752222733009, 20.335728561299035 ], [ -102.297905020059275, 20.35389920660138 ], [ -102.347240837617079, 20.334738345795735 ], [ -102.36882136649389, 20.32805713834172 ], [ -102.432373050063973, 20.341044720454541 ], [ -102.53084012006795, 20.295059000572461 ], [ -102.522402646754841, 20.275665527155383 ], [ -102.610937341136449, 20.268663609977786 ], [ -102.627331240459924, 20.229385559823069 ], [ -102.684587896600249, 20.212153451611481 ], [ -102.682943176261404, 20.206668624090444 ], [ -102.679721867180618, 20.171501551646777 ], [ -102.730649656096844, 20.16642561923274 ], [ -102.784700803713889, 20.137619315229731 ], [ -102.816287380643971, 20.106047882748108 ], [ -102.875495551006196, 20.157576027535271 ], [ -102.954143390669756, 20.17087784048525 ], [ -102.944120116761098, 20.130825254979648 ], [ -103.031412898535095, 20.136551153927314 ], [ -103.031039092423825, 20.065919228275629 ], [ -103.050281524659766, 19.996575881190239 ], [ -103.015482748609642, 19.959754017500277 ], [ -102.958464742377231, 19.995380913600329 ], [ -102.908865939839302, 19.970730591868456 ], [ -102.882049626219981, 19.975769268322807 ], [ -102.78403605195831, 19.951235691163479 ], [ -102.731298249758325, 19.89893020372585 ], [ -102.73032317650113, 19.854459343287047 ], [ -102.759082672082968, 19.807984442453318 ], [ -102.818341251983313, 19.779879445005726 ], [ -102.78051004831525, 19.701795334137799 ], [ -102.792703699180819, 19.662562968460048 ], [ -102.777207122169841, 19.628977279993936 ], [ -102.715987954524365, 19.600341977763158 ], [ -102.7106338142423, 19.54132229208081 ], [ -102.65752781544731, 19.487237274445203 ], [ -102.582318412896228, 19.528325853023595 ], [ -102.57186140811821, 19.511191836376494 ], [ -102.575900410239683, 19.498052885883194 ], [ -102.544564631281602, 19.43332038814502 ], [ -102.601056021789788, 19.364486767530764 ], [ -102.638209894555189, 19.262659537324947 ], [ -102.676615236577049, 19.21802746411305 ], [ -102.753815923456557, 19.255805063892613 ], [ -102.773203539424259, 19.245359207193207 ], [ -102.848890414905497, 19.199657044194069 ], [ -102.960096084765794, 19.174055886391017 ], [ -103.019234157609759, 19.132499592211879 ], [ -103.025214262477988, 19.053103853083254 ], [ -103.045030937808974, 19.032029406654662 ], [ -103.108235214292662, 18.951680796785109 ], [ -103.151011912530905, 18.926131726747826 ], [ -103.24844951622444, 19.014542363678167 ] ] ] ] } },
{ "type": "Feature", "properties": { "entidad_cvegeo": "15", "entidad_nombre": "Estado de Mexico", "entidad_ge": "SRID=6362;MULTIPOLYGON(((2717218.9002 921748.8453,2717277.8333 921738.375,2717320.6398 921746.405999999,2717382.2034 921706.7051,2717495.0238 921688.513500001,2717696.3966 921586.391399998,2717880.0242 921474.614599999,2717911.2888 921455.357799999,27181", "entidad_si": 0 }, "geometry": { "type": "MultiPolygon", "coordinates": [ [ [ [ -100.068115166222327, 18.591207358760006 ], [ -100.076835979521334, 18.548757837562473 ], [ -100.089951139039854, 18.522160786910138 ], [ -100.158141032450828, 18.491954125829508 ], [ -100.227026416491981, 18.430855842968267 ], [ -100.257595155066724, 18.42836311402575 ], [ -100.291978271490052, 18.381605918443597 ], [ -100.305693402678301, 18.368094074392168 ], [ -100.385356989610258, 18.426524140767146 ], [ -100.362003177659176, 18.496847235478835 ], [ -100.395953692167907, 18.540520090439465 ], [ -100.447889537357611, 18.560696791961444 ], [ -100.429733300980686, 18.599273212620488 ], [ -100.474289316314326, 18.619216122025332 ], [ -100.48841631913794, 18.653191102884044 ], [ -100.454474944472324, 18.694417715447155 ], [ -100.422156299986739, 18.763459712488945 ], [ -100.538619891744659, 18.844110641817071 ], [ -100.613091003664294, 18.887100645397549 ], [ -100.574235467163533, 18.914533011402586 ], [ -100.527573872026522, 19.010322195643973 ], [ -100.479018688792792, 19.032021876460252 ], [ -100.408813263006166, 19.075161447286618 ], [ -100.389482292605337, 19.14291286318765 ], [ -100.361591145856877, 19.154706836908488 ], [ -100.372543776599429, 19.19370245037776 ], [ -100.337677749068021, 19.227017591748876 ], [ -100.317957263903182, 19.31808825692951 ], [ -100.30676885940386, 19.326874089075048 ], [ -100.293094115759231, 19.395128858382474 ], [ -100.237425174899755, 19.403512263719772 ], [ -100.189720432594356, 19.440499973897548 ], [ -100.177694182955833, 19.492624757559682 ], [ -100.227567763496836, 19.557863911993906 ], [ -100.246943752949576, 19.597694598899711 ], [ -100.265116808741396, 19.661952641092569 ], [ -100.25851571065165, 19.700195682960764 ], [ -100.192235060580728, 19.701637738024413 ], [ -100.148185754873182, 19.728215202078346 ], [ -100.144911286876635, 19.764191774163649 ], [ -100.134237537850822, 19.845522700101842 ], [ -100.091563693775797, 19.85988508111631 ], [ -100.130122498147912, 19.916193047841656 ], [ -100.131394127484441, 19.982001861644836 ], [ -100.157695023797615, 20.017914866997131 ], [ -100.137937375127933, 20.044311534783514 ], [ -100.076884090949392, 20.029480428866343 ], [ -100.005669074763858, 20.064383242949674 ], [ -99.926337422837619, 20.064330675947964 ], [ -99.942206448086992, 20.120100339007482 ], [ -99.935753379971601, 20.169311576672314 ], [ -99.977711265531511, 20.239114915368695 ], [ -99.922381515129914, 20.231139480253173 ], [ -99.913347400525168, 20.285866666650875 ], [ -99.859106421467132, 20.268470547234909 ], [ -99.841889595257442, 20.281881422523501 ], [ -99.729185123406353, 20.172047647472585 ], [ -99.69898339497415, 20.172447914201729 ], [ -99.528680772468817, 20.163583540107091 ], [ -99.512240252530077, 20.175100175863001 ], [ -99.505267152780334, 20.160464616280912 ], [ -99.487140964653989, 20.10515323039338 ], [ -99.440747865413073, 20.013353735194354 ], [ -99.444470569263572, 19.985059000400963 ], [ -99.473622571470386, 19.954443932949946 ], [ -99.483981470435097, 19.905176522820245 ], [ -99.432692201354925, 19.875256618483863 ], [ -99.43009399644977, 19.870857151590048 ], [ -99.373249908905763, 19.851541849026756 ], [ -99.387825668752257, 19.777338625146381 ], [ -99.343480310664717, 19.780502143793683 ], [ -99.296943789066191, 19.835222251799081 ], [ -99.235947540368741, 19.873494193009606 ], [ -99.218287915015509, 19.889070352214532 ], [ -99.215394437246161, 19.954614408177495 ], [ -99.142513192805367, 20.026973260161704 ], [ -99.118153179072422, 20.029304460492344 ], [ -99.070943868154586, 20.018017517393844 ], [ -99.011256370682716, 19.982122379446952 ], [ -99.00564429556276, 20.053204514182358 ], [ -98.961103279604202, 20.040945486894167 ], [ -98.944742477534916, 19.975051642856794 ], [ -98.999778506660135, 19.941825020244202 ], [ -98.952722603609587, 19.906714563380511 ], [ -98.989224739852474, 19.881443516681784 ], [ -99.020581157865436, 19.867682656564071 ], [ -98.970198433030333, 19.808697303817386 ], [ -98.945489393906229, 19.803801780475151 ], [ -98.913850721151263, 19.876924307729084 ], [ -98.870619955373812, 19.894958026292905 ], [ -98.814826358237937, 19.867844417952973 ], [ -98.75469904547532, 19.876790465987966 ], [ -98.729291642084078, 19.864973461673792 ], [ -98.660658553693921, 19.834879558541857 ], [ -98.639764041787714, 19.810872539990466 ], [ -98.596866655622563, 19.765839761392606 ], [ -98.6081017087145, 19.72507503719001 ], [ -98.644186580357456, 19.648830897747871 ], [ -98.664680996218664, 19.660405324691528 ], [ -98.665577097184126, 19.606153740277112 ], [ -98.681379947971294, 19.598284938365648 ], [ -98.706044291839007, 19.55933625642114 ], [ -98.65322655538678, 19.465986223857836 ], [ -98.634822050674657, 19.431241875831439 ], [ -98.657137025875343, 19.397078206491418 ], [ -98.644479265916402, 19.35199997988817 ], [ -98.663475884831854, 19.324792383559995 ], [ -98.631871268945858, 19.263936748545316 ], [ -98.627524876177745, 19.257759173220531 ], [ -98.643571204355325, 19.238729866692079 ], [ -98.640314377904332, 19.167161976284618 ], [ -98.639209804358543, 19.163562475721651 ], [ -98.636230494051588, 19.153594335179211 ], [ -98.639296090718531, 19.077442608876453 ], [ -98.627523075097912, 19.022401924015512 ], [ -98.632946651467037, 19.015549520329198 ], [ -98.666259306343946, 19.001304132952775 ], [ -98.726269846206549, 18.944688790114647 ], [ -98.792080281995297, 18.93533987380259 ], [ -98.79945419857728, 18.940292457891751 ], [ -98.824201786284576, 18.954856775184947 ], [ -98.835890877487969, 18.950151766367973 ], [ -98.840719112524624, 18.955666239486458 ], [ -98.868398993800142, 18.999895790625647 ], [ -98.871026429992, 19.02539314632245 ], [ -98.903389782338664, 19.038482887281084 ], [ -98.97899540513643, 19.074455953515386 ], [ -98.954915731749978, 19.174063397189933 ], [ -98.968527927219313, 19.210571081683216 ], [ -98.945770363434946, 19.224954307529977 ], [ -98.976530625695304, 19.253125388859033 ], [ -98.960448243313024, 19.325372152470855 ], [ -98.974325152345429, 19.337026570049343 ], [ -98.991893944897257, 19.367553982946543 ], [ -99.058132880477388, 19.400719580546298 ], [ -99.055786488670364, 19.422141081466886 ], [ -99.050868420566388, 19.450181012375275 ], [ -99.063862533964908, 19.498778714445695 ], [ -99.09038572726007, 19.509476685066439 ], [ -99.130574589988328, 19.536091294999267 ], [ -99.112855949013053, 19.573262627509585 ], [ -99.11788784658718, 19.590592301354111 ], [ -99.123706098322842, 19.592757279964371 ], [ -99.143456845933144, 19.572347070367911 ], [ -99.157181106210871, 19.502848883166802 ], [ -99.213838933280698, 19.497252110444425 ], [ -99.206824976562402, 19.47121507058603 ], [ -99.239622574608546, 19.412203855024313 ], [ -99.255807911041643, 19.403572418754962 ], [ -99.326391995401977, 19.353671635145247 ], [ -99.35636862986324, 19.30333341984559 ], [ -99.324320291390208, 19.232609793864704 ], [ -99.322254851576659, 19.232647834158829 ], [ -99.315555531232363, 19.227395347476342 ], [ -99.31336574132952, 19.218967376577535 ], [ -99.306784733933299, 19.211080831788006 ], [ -99.27869521819018, 19.131701727063657 ], [ -99.295269562303446, 19.122677817314877 ], [ -99.318318979922012, 19.087416830061716 ], [ -99.311757820848953, 19.024650082484175 ], [ -99.313036230631695, 18.94811735529526 ], [ -99.342011761680254, 18.922517846953784 ], [ -99.429354518760618, 18.877569285275261 ], [ -99.426701372647656, 18.824686934114538 ], [ -99.46619209391217, 18.753773441216278 ], [ -99.494414148093881, 18.720544799799931 ], [ -99.533019554897606, 18.694495563582937 ], [ -99.580818776206129, 18.730282831299327 ], [ -99.696993513004728, 18.786336928913556 ], [ -99.70915789081198, 18.768838883885039 ], [ -99.73883149902376, 18.737340634353497 ], [ -99.786074951122458, 18.63958513523735 ], [ -99.858149408167279, 18.612272071994909 ], [ -99.883441616472311, 18.619149590021589 ], [ -99.942901840617338, 18.589898752369489 ], [ -99.961672265182358, 18.552978906876426 ], [ -100.021528297325673, 18.603732614195042 ], [ -100.068115166222327, 18.591207358760006 ] ] ] ] } },
{ "type": "Feature", "properties": { "entidad_cvegeo": "16", "entidad_nombre": "Michoacan", "entidad_ge": "SRID=6362;MULTIPOLYGON(((2498953.5397 930779.819600001,2498903.2527 930633.634500001,2498871.0863 930517.4375,2498809.229 930416.0733,2498712.7297 930302.3488,2498600.2095 930158.622900002,2498554.7756 930123.5185,2498539.752 930111.910500001,2498505.870", "entidad_si": 0 }, "geometry": { "type": "MultiPolygon", "coordinates": [ [ [ [ -102.131148843521913, 18.188865665074673 ], [ -102.16087980135876, 18.165416702566876 ], [ -102.184117500065966, 18.061637905192878 ], [ -102.173275032703998, 17.989636815056347 ], [ -102.136827944305267, 17.940029820877694 ], [ -102.182580044951379, 17.914989248033407 ], [ -102.310148850975224, 17.969839631190695 ], [ -102.60729189658349, 18.048352337079301 ], [ -102.697507454146091, 18.055170549826286 ], [ -102.788892675997445, 18.085053526494303 ], [ -102.992745336464111, 18.174124026597376 ], [ -103.062916939494954, 18.194462356714702 ], [ -103.111503439773116, 18.191584411855693 ], [ -103.210518046000331, 18.231923458852041 ], [ -103.25417321978172, 18.235897667181643 ], [ -103.4922401625943, 18.329554107353655 ], [ -103.577331816056017, 18.497924635316846 ], [ -103.688470709667087, 18.590036119919308 ], [ -103.685619677296444, 18.624461754365299 ], [ -103.7377654989902, 18.684155820612382 ], [ -103.697570792375075, 18.755922550546636 ], [ -103.637468347058899, 18.783527272077361 ], [ -103.624624232755252, 18.82610943616891 ], [ -103.640572370814809, 18.867244497676012 ], [ -103.5811670050864, 18.875929062233105 ], [ -103.572453917424596, 18.872170710808579 ], [ -103.488594343204568, 18.964889150402296 ], [ -103.419452725788886, 18.981250693733781 ], [ -103.395669181686245, 18.967253663828867 ], [ -103.332485172718776, 18.973251313528159 ], [ -103.24844951622444, 19.014542363678167 ], [ -103.151011912530905, 18.926131726747826 ], [ -103.108235214292662, 18.951680796785109 ], [ -103.045030937808974, 19.032029406654662 ], [ -103.025214262477988, 19.053103853083254 ], [ -103.019234157609759, 19.132499592211879 ], [ -102.960096084765794, 19.174055886391017 ], [ -102.848890414905497, 19.199657044194069 ], [ -102.773203539424259, 19.245359207193207 ], [ -102.753815923456557, 19.255805063892613 ], [ -102.676615236577049, 19.21802746411305 ], [ -102.638209894555189, 19.262659537324947 ], [ -102.601056021789788, 19.364486767530764 ], [ -102.544564631281602, 19.43332038814502 ], [ -102.575900410239683, 19.498052885883194 ], [ -102.57186140811821, 19.511191836376494 ], [ -102.582318412896228, 19.528325853023595 ], [ -102.65752781544731, 19.487237274445203 ], [ -102.7106338142423, 19.54132229208081 ], [ -102.715987954524365, 19.600341977763158 ], [ -102.777207122169841, 19.628977279993936 ], [ -102.792703699180819, 19.662562968460048 ], [ -102.78051004831525, 19.701795334137799 ], [ -102.818341251983313, 19.779879445005726 ], [ -102.759082672082968, 19.807984442453318 ], [ -102.73032317650113, 19.854459343287047 ], [ -102.731298249758325, 19.89893020372585 ], [ -102.78403605195831, 19.951235691163479 ], [ -102.882049626219981, 19.975769268322807 ], [ -102.908865939839302, 19.970730591868456 ], [ -102.958464742377231, 19.995380913600329 ], [ -103.015482748609642, 19.959754017500277 ], [ -103.050281524659766, 19.996575881190239 ], [ -103.031039092423825, 20.065919228275629 ], [ -103.031412898535095, 20.136551153927314 ], [ -102.944120116761098, 20.130825254979648 ], [ -102.954143390669756, 20.17087784048525 ], [ -102.875495551006196, 20.157576027535271 ], [ -102.816287380643971, 20.106047882748108 ], [ -102.784700803713889, 20.137619315229731 ], [ -102.730649656096844, 20.16642561923274 ], [ -102.679721867180618, 20.171501551646777 ], [ -102.682943176261404, 20.206668624090444 ], [ -102.684587896600249, 20.212153451611481 ], [ -102.627331240459924, 20.229385559823069 ], [ -102.610937341136449, 20.268663609977786 ], [ -102.522402646754841, 20.275665527155383 ], [ -102.53084012006795, 20.295059000572461 ], [ -102.432373050063973, 20.341044720454541 ], [ -102.36882136649389, 20.32805713834172 ], [ -102.347240837617079, 20.334738345795735 ], [ -102.297905020059275, 20.35389920660138 ], [ -102.267752222733009, 20.335728561299035 ], [ -102.219352016723718, 20.351095201028343 ], [ -102.180082256836727, 20.355259897293088 ], [ -102.162487986781073, 20.379622176731882 ], [ -102.096254456896958, 20.384131264526737 ], [ -102.022008082525218, 20.381205626405357 ], [ -101.946358681803716, 20.343178100182108 ], [ -101.939872625276678, 20.227081760762992 ], [ -101.914889209317991, 20.194407355426094 ], [ -101.834798427723769, 20.22469693136793 ], [ -101.796535929925028, 20.21282386723604 ], [ -101.685478856013575, 20.218461008067244 ], [ -101.647408805243714, 20.238429192446073 ], [ -101.627093814346665, 20.303420669728276 ], [ -101.563639516819237, 20.320473561851252 ], [ -101.460127019310818, 20.323470972817166 ], [ -101.458325181000106, 20.269599964120424 ], [ -101.419696061023117, 20.274444088114176 ], [ -101.361442037742123, 20.249049962541484 ], [ -101.363198175516999, 20.195794412206631 ], [ -101.419891126540634, 20.201590584021332 ], [ -101.402450547207849, 20.044825554223198 ], [ -101.328295893113292, 20.031979020978433 ], [ -101.29166559625466, 20.036065164734197 ], [ -101.238345975249246, 20.032118558226664 ], [ -101.20305551404212, 20.007224156711391 ], [ -101.196318454920529, 20.057188551027295 ], [ -101.165191105563821, 20.087162969361131 ], [ -101.132036384841271, 20.060668292605477 ], [ -101.080241574905727, 20.082849761644798 ], [ -101.011785397122765, 20.081523168733224 ], [ -101.013986569569667, 20.045711286311381 ], [ -100.970278237151931, 20.005170619828991 ], [ -101.003092015639268, 19.953172994557683 ], [ -100.958732488198109, 19.930789266669432 ], [ -100.901585911999447, 19.959505830254344 ], [ -100.83576183731671, 19.934596426004791 ], [ -100.792063938542285, 19.955574798309478 ], [ -100.778813612403411, 19.915149687151725 ], [ -100.653801270699489, 19.959697793145889 ], [ -100.619686715906013, 19.957163809195702 ], [ -100.601893347558843, 19.985893074453958 ], [ -100.510407246402792, 19.955539395246969 ], [ -100.448532015777317, 19.982756309702733 ], [ -100.362931117134949, 19.989861076923397 ], [ -100.358263683072281, 20.06491646269232 ], [ -100.389751106723324, 20.080822931192536 ], [ -100.380863118044743, 20.130065344972259 ], [ -100.355236704782357, 20.219018360121332 ], [ -100.323558373656724, 20.251934021283279 ], [ -100.350656472071108, 20.28841309949048 ], [ -100.307484542377324, 20.285469386967652 ], [ -100.196454845119163, 20.222276932196284 ], [ -100.201578659238805, 20.075926098138606 ], [ -100.137937375127933, 20.044311534783514 ], [ -100.157695023797615, 20.017914866997131 ], [ -100.131394127484441, 19.982001861644836 ], [ -100.130122498147912, 19.916193047841656 ], [ -100.091563693775797, 19.85988508111631 ], [ -100.134237537850822, 19.845522700101842 ], [ -100.144911286876635, 19.764191774163649 ], [ -100.148185754873182, 19.728215202078346 ], [ -100.192235060580728, 19.701637738024413 ], [ -100.25851571065165, 19.700195682960764 ], [ -100.265116808741396, 19.661952641092569 ], [ -100.246943752949576, 19.597694598899711 ], [ -100.227567763496836, 19.557863911993906 ], [ -100.177694182955833, 19.492624757559682 ], [ -100.189720432594356, 19.440499973897548 ], [ -100.237425174899755, 19.403512263719772 ], [ -100.293094115759231, 19.395128858382474 ], [ -100.30676885940386, 19.326874089075048 ], [ -100.317957263903182, 19.31808825692951 ], [ -100.337677749068021, 19.227017591748876 ], [ -100.372543776599429, 19.19370245037776 ], [ -100.361591145856877, 19.154706836908488 ], [ -100.389482292605337, 19.14291286318765 ], [ -100.408813263006166, 19.075161447286618 ], [ -100.479018688792792, 19.032021876460252 ], [ -100.527573872026522, 19.010322195643973 ], [ -100.574235467163533, 18.914533011402586 ], [ -100.613091003664294, 18.887100645397549 ], [ -100.692860460413712, 18.800735707550274 ], [ -100.724005251246922, 18.849235390728765 ], [ -100.766673682482462, 18.865415159601312 ], [ -100.79047453594211, 18.825433839433856 ], [ -100.796911979222614, 18.746270165758538 ], [ -100.772935191094959, 18.732567701123845 ], [ -100.75157671305557, 18.633494483733678 ], [ -100.764895723641416, 18.561211343227441 ], [ -100.74422518240776, 18.518072968157362 ], [ -100.649516978319795, 18.462147348159164 ], [ -100.590340933874188, 18.414692532933884 ], [ -100.639675181714864, 18.363918406420932 ], [ -100.683688932733872, 18.386912057281005 ], [ -100.69829263285007, 18.418924489105972 ], [ -100.775908704139567, 18.438155660034731 ], [ -100.824503688708091, 18.474198342222945 ], [ -100.879803422450507, 18.488409603072569 ], [ -100.920721718587373, 18.445694461254273 ], [ -101.033282110654355, 18.526803445168941 ], [ -101.088660859095327, 18.505907856008271 ], [ -101.18697068030842, 18.517729324411356 ], [ -101.212788983834301, 18.536549408721349 ], [ -101.282077172048886, 18.544734030141655 ], [ -101.37617500932636, 18.50896546429798 ], [ -101.481245646185371, 18.4904536469375 ], [ -101.501325127039138, 18.487049479926764 ], [ -101.583563334940962, 18.520994766152448 ], [ -101.607466892838033, 18.577936598119386 ], [ -101.638993135851138, 18.602534393444788 ], [ -101.705683864190163, 18.59077481031014 ], [ -101.771794187070782, 18.603721397330318 ], [ -101.855949905376335, 18.559488442843275 ], [ -101.879509086979098, 18.539251556083443 ], [ -101.886539531191488, 18.477223366700024 ], [ -101.861732426984034, 18.444919477141276 ], [ -101.88893555885123, 18.399063614179777 ], [ -101.861894452064689, 18.357181776766311 ], [ -101.864786216347937, 18.285747674207364 ], [ -101.904572869555594, 18.247871027487957 ], [ -101.971569318922548, 18.233072032650412 ], [ -101.978148828114129, 18.207309575759982 ], [ -102.131148843521913, 18.188865665074673 ] ] ] ] } },
{ "type": "Feature", "properties": { "entidad_cvegeo": "17", "entidad_nombre": "Morelos", "entidad_ge": "SRID=6362;MULTIPOLYGON(((2808476.2731 786837.1602,2808717.3062 786788.858899999,2809036.1512 787372.5244,2809837.9165 788840.205200002,2810396.4909 789862.710099999,2811742.3468 790862.540800001,2811866.5641 790954.8213,2816646.76 790325.078000002,281677", "entidad_si": 0 }, "geometry": { "type": "MultiPolygon", "coordinates": [ [ [ [ -98.71926882527535, 18.604985036515902 ], [ -98.712546553764625, 18.585415948747873 ], [ -98.698973883856468, 18.494980492011116 ], [ -98.706699123804782, 18.445112229712148 ], [ -98.726952764116206, 18.439533125693202 ], [ -98.754946276573691, 18.457103533637909 ], [ -98.810507133998613, 18.519203557288723 ], [ -98.915214096968029, 18.457345534848685 ], [ -98.939205930970999, 18.422043443952621 ], [ -98.973970364381003, 18.417139048821525 ], [ -99.065963984620268, 18.332566502045619 ], [ -99.066050512945523, 18.367105211258746 ], [ -99.127899287790441, 18.426714702202922 ], [ -99.135542883786158, 18.460801932340889 ], [ -99.2044293581624, 18.455281954201975 ], [ -99.268719389940259, 18.453321145772428 ], [ -99.328367819629875, 18.459540242162316 ], [ -99.379216122845364, 18.520530687477457 ], [ -99.422882187732966, 18.562067882161799 ], [ -99.464415891440893, 18.643669992345735 ], [ -99.480731921551836, 18.684552191972916 ], [ -99.494414148093881, 18.720544799799931 ], [ -99.46619209391217, 18.753773441216278 ], [ -99.426701372647656, 18.824686934114538 ], [ -99.429354518760618, 18.877569285275261 ], [ -99.342011761680254, 18.922517846953784 ], [ -99.313036230631695, 18.94811735529526 ], [ -99.311757820848953, 19.024650082484175 ], [ -99.318318979922012, 19.087416830061716 ], [ -99.295269562303446, 19.122677817314877 ], [ -99.27869521819018, 19.131701727063657 ], [ -99.226777780404461, 19.096060003503826 ], [ -99.136481476231296, 19.089377991707472 ], [ -99.135379016212198, 19.089296070859831 ], [ -99.12543312126914, 19.062064718441047 ], [ -99.062085749164098, 19.048718717385654 ], [ -99.028993681798454, 19.085368792354146 ], [ -98.97899540513643, 19.074455953515386 ], [ -98.903389782338664, 19.038482887281084 ], [ -98.871026429992, 19.02539314632245 ], [ -98.868398993800142, 18.999895790625647 ], [ -98.840719112524624, 18.955666239486458 ], [ -98.835890877487969, 18.950151766367973 ], [ -98.824201786284576, 18.954856775184947 ], [ -98.79945419857728, 18.940292457891751 ], [ -98.792080281995297, 18.93533987380259 ], [ -98.726269846206549, 18.944688790114647 ], [ -98.666259306343946, 19.001304132952775 ], [ -98.632946651467037, 19.015549520329198 ], [ -98.673629388930777, 18.951665164136529 ], [ -98.672078568255301, 18.880002274779624 ], [ -98.688664404538727, 18.858105060767205 ], [ -98.6950155747857, 18.845151462713492 ], [ -98.747410910957825, 18.75841113102695 ], [ -98.753396849169974, 18.742927316122596 ], [ -98.727494730917385, 18.669614248321576 ], [ -98.71926882527535, 18.604985036515902 ] ] ] ] } },
{ "type": "Feature", "properties": { "entidad_cvegeo": "18", "entidad_nombre": "Nayarit", "entidad_ge": "SRID=6362;MULTIPOLYGON(((2161247.1285 1008303.8573,2161278.5235 1008290.9841,2161293.0136 1008290.9841,2161303.4795 1008295.0066,2161326.8244 1008299.8348,2161342.9247 1008297.421,2161384.7857 1008286.1566,2161436.0483 1008277.505,2161483.0803 1008263.74", "entidad_si": 0 }, "geometry": { "type": "MultiPolygon", "coordinates": [ [ [ [ -104.292339245428252, 20.848780872569691 ], [ -104.350402332129661, 20.811643967079469 ], [ -104.247837883839978, 20.72652387596052 ], [ -104.247333815009256, 20.689916101381183 ], [ -104.256801736197744, 20.603470371142613 ], [ -104.282010953990408, 20.628993353200485 ], [ -104.287073188127891, 20.687151047887468 ], [ -104.37662044495579, 20.74690980213202 ], [ -104.396622378221792, 20.780836786022174 ], [ -104.50321744975686, 20.841816385435042 ], [ -104.542852280491005, 20.911939574697534 ], [ -104.578166330194819, 20.933951167871886 ], [ -104.618894298607685, 20.923773745756058 ], [ -104.629088021829858, 20.92415907177627 ], [ -104.680999962688475, 20.94384061560762 ], [ -104.729362764094461, 20.983154141743515 ], [ -104.731663836147646, 21.012257337953841 ], [ -104.799565618643072, 21.015728823558305 ], [ -104.867558583021975, 20.994589497453251 ], [ -104.899107764350532, 20.948514413754715 ], [ -104.968821741583241, 20.90902595338363 ], [ -105.046804853274267, 20.934283861859925 ], [ -105.08796654495012, 20.923168682953897 ], [ -105.15262214154869, 20.862623851759164 ], [ -105.1733719118631, 20.767773591013334 ], [ -105.196961141210267, 20.777171027908224 ], [ -105.281000025185577, 20.671965765515846 ], [ -105.313478523179242, 20.729452894025314 ], [ -105.362776430370459, 20.762481823299208 ], [ -105.39864208457692, 20.735948320232563 ], [ -105.498698995475706, 20.767148812770319 ], [ -105.453869357827458, 20.870665127570312 ], [ -105.401726073221923, 20.931376651361369 ], [ -105.355605554748166, 20.960209818935432 ], [ -105.317074823507866, 21.010328725533199 ], [ -105.267795986805467, 21.026334498032952 ], [ -105.232102391107773, 21.075371197675597 ], [ -105.216382288572831, 21.205007155458905 ], [ -105.238994405508919, 21.361916935332459 ], [ -105.188279222967367, 21.446085547375169 ], [ -105.224761849280583, 21.521337403067044 ], [ -105.265501191630193, 21.512065430651617 ], [ -105.410562526529318, 21.599992781870274 ], [ -105.445563787050418, 21.6309495194315 ], [ -105.530739562918157, 21.807894130998065 ], [ -105.638827508675959, 21.979259433468375 ], [ -105.653813228278452, 22.058431126642596 ], [ -105.645972234627948, 22.172002940066445 ], [ -105.662692036929471, 22.292269605229432 ], [ -105.693660026597513, 22.398892656818411 ], [ -105.758295242903372, 22.537676969444764 ], [ -105.701187252368285, 22.467690181509273 ], [ -105.67110577880203, 22.48156241806495 ], [ -105.700442062863104, 22.558455900605146 ], [ -105.682200251394661, 22.572121050262137 ], [ -105.631408635385782, 22.588753771988177 ], [ -105.598288230140355, 22.536671131356542 ], [ -105.539934774934011, 22.535593338209374 ], [ -105.460836806444405, 22.508568103123466 ], [ -105.434625533850905, 22.549984195670469 ], [ -105.463963102947531, 22.659238302674986 ], [ -105.498063846047373, 22.651390756332688 ], [ -105.522893459668197, 22.72433479897008 ], [ -105.523194769471928, 22.77307532096096 ], [ -105.494938594072352, 22.810616230083934 ], [ -105.4712199101875, 22.883285955447647 ], [ -105.501263928022141, 22.958560041302242 ], [ -105.453311346323304, 22.977401795804358 ], [ -105.412996495025567, 23.074099201946993 ], [ -105.392245390400106, 23.084081987629219 ], [ -105.350471188178588, 23.060575344686583 ], [ -105.353804643234952, 23.020256338358475 ], [ -105.323569886766506, 22.941330168481898 ], [ -105.297699065211845, 22.95416210701983 ], [ -105.076015786384446, 22.959638824007435 ], [ -105.003283615257757, 22.976991997626349 ], [ -105.009710358080795, 22.92148193387106 ], [ -104.987464250875277, 22.84618438608306 ], [ -104.958967311934273, 22.813604605196932 ], [ -104.905600754748008, 22.799817191109248 ], [ -104.915636643047165, 22.74853797394961 ], [ -105.057302699558363, 22.688094001336044 ], [ -105.07236894474174, 22.656499094179445 ], [ -105.007552742702998, 22.585671961960216 ], [ -104.987912531761239, 22.498726586422659 ], [ -104.960525175120566, 22.505311442311886 ], [ -104.862493122717993, 22.607070491385734 ], [ -104.858397056579975, 22.64832670382572 ], [ -104.779187247568572, 22.642931440615346 ], [ -104.779679387729672, 22.603023889338367 ], [ -104.737053003556213, 22.558095662198603 ], [ -104.656495296919019, 22.541315464120515 ], [ -104.655291729054298, 22.462154658290515 ], [ -104.605437001718798, 22.445738477512762 ], [ -104.574589404934983, 22.394760028800317 ], [ -104.507398228358682, 22.346031530058777 ], [ -104.494135201735233, 22.376254993842149 ], [ -104.37151221068612, 22.421658643195236 ], [ -104.348842923472759, 22.409716641377646 ], [ -104.350040929597284, 22.386405418386246 ], [ -104.29256360485337, 22.344315803906948 ], [ -104.295639504669623, 22.276908462278193 ], [ -104.328601656593904, 22.245486077897642 ], [ -104.336550609702741, 22.18672193839857 ], [ -104.373223633564862, 22.101355874816768 ], [ -104.363722687279278, 21.974000917463666 ], [ -104.295791659662527, 22.00239038923117 ], [ -104.245257025360061, 21.966911611134876 ], [ -104.173655481971835, 21.970882892561537 ], [ -104.199967973246103, 21.894267029373111 ], [ -104.18917049796741, 21.849046821114523 ], [ -104.130381597940669, 21.79045131688876 ], [ -104.052615202437138, 21.794645950031263 ], [ -103.9777574890946, 21.771332435647057 ], [ -103.922595622150482, 21.770989236409065 ], [ -103.926516382990968, 21.736298157679474 ], [ -103.890440165749624, 21.699440435030262 ], [ -103.930249447436537, 21.641914436361571 ], [ -103.923183005564397, 21.590028048998253 ], [ -103.825776825025756, 21.494498547403381 ], [ -103.780071348105565, 21.49998177469087 ], [ -103.742030639401591, 21.44155783120036 ], [ -103.765418714974416, 21.386021054663757 ], [ -103.745689888602698, 21.363038893105806 ], [ -103.749584649218306, 21.336944123759466 ], [ -103.861889540201773, 21.248868362219586 ], [ -103.917898702145351, 21.231027776582824 ], [ -103.971275952382214, 21.256328684899703 ], [ -104.015754729404819, 21.208484103406285 ], [ -104.071788974004278, 21.188590774484176 ], [ -104.098177007555449, 21.200544514506809 ], [ -104.219397977401798, 21.176610587053055 ], [ -104.216718574817122, 21.085791193847694 ], [ -104.238394833526598, 21.052273140265751 ], [ -104.23312944464432, 20.968743373009712 ], [ -104.204841774175591, 20.959900907780185 ], [ -104.259492783907206, 20.893974605591072 ], [ -104.292339245428252, 20.848780872569691 ] ] ], [ [ [ -106.43484228382745, 21.494433572085782 ], [ -106.371935827875348, 21.481520333863887 ], [ -106.396739716707003, 21.419893842775569 ], [ -106.493596398288631, 21.46751551454371 ], [ -106.43484228382745, 21.494433572085782 ] ] ], [ [ [ -106.653347711371097, 21.693451661040651 ], [ -106.574188510254302, 21.681534893784715 ], [ -106.535483212545358, 21.656989973557728 ], [ -106.512056572922219, 21.597453203246054 ], [ -106.546226708928373, 21.563214851582888 ], [ -106.597701423133728, 21.581170056114274 ], [ -106.651380788893348, 21.65148647200056 ], [ -106.653347711371097, 21.693451661040651 ] ] ] ] } },
{ "type": "Feature", "properties": { "entidad_cvegeo": "19", "entidad_nombre": "Nuevo Leon", "entidad_ge": "SRID=6362;MULTIPOLYGON(((2712006.1371 1746811.8309,2712051.682 1746675.9038,2712099.0937 1746566.6096,2712136.4536 1746495.9169,2712178.6262 1746437.7616,2712229.2764 1746381.4948,2712296.1578 1746318.6995,2712358.2816 1746269.5565,2712459.8841 1746202.8", "entidad_si": 0 }, "geometry": { "type": "MultiPolygon", "coordinates": [ [ [ [ -99.947698428729666, 23.497172422777357 ], [ -99.921253407246695, 23.379191334280144 ], [ -99.982502481422344, 23.392367260723478 ], [ -100.080261432139963, 23.395748200511633 ], [ -100.144950219012017, 23.339515185597314 ], [ -100.078041130273931, 23.305983910310989 ], [ -100.10381336015287, 23.231535378659455 ], [ -100.228236511080127, 23.250476146162839 ], [ -100.220166453002705, 23.297931726443359 ], [ -100.278434983983317, 23.310368402207544 ], [ -100.331692530773736, 23.259092369782586 ], [ -100.374316572133864, 23.265323810973502 ], [ -100.36376430588335, 23.189005379988938 ], [ -100.479849669596561, 23.194365361073935 ], [ -100.48360785109891, 23.214045669054762 ], [ -100.457083239153448, 23.366409595796728 ], [ -100.517211328403818, 23.421042838992136 ], [ -100.477378624674145, 23.633818693791923 ], [ -100.445720123953691, 23.677331523312713 ], [ -100.497706278042244, 23.73630970272264 ], [ -100.497601727158596, 23.798712691074705 ], [ -100.528621985811867, 23.81753234759293 ], [ -100.550298688100042, 23.842202585783454 ], [ -100.539845608399332, 23.888393054115404 ], [ -100.562401609975794, 23.919641083650287 ], [ -100.523758993891164, 24.0714549495423 ], [ -100.538683254127008, 24.118516031434424 ], [ -100.516827487253806, 24.139896677904261 ], [ -100.613399889538854, 24.173944185079971 ], [ -100.633066479604352, 24.225980248986836 ], [ -100.599935527911015, 24.348791051273622 ], [ -100.603533336330131, 24.401300065914665 ], [ -100.711210093291101, 24.491521827608278 ], [ -100.742324287396755, 24.460435469152625 ], [ -100.799934115855251, 24.55618607714996 ], [ -100.805472936584323, 24.596340118261345 ], [ -100.796978242943098, 24.750806901622603 ], [ -100.826132417963166, 24.835004573019301 ], [ -100.72749549586942, 24.918716548732565 ], [ -100.821505594688759, 24.996710837177616 ], [ -100.804547766686596, 25.153259441446334 ], [ -100.708887785860483, 25.236457572930622 ], [ -100.591962417472061, 25.255050014821524 ], [ -100.443641429610764, 25.223145217629202 ], [ -100.332007414035587, 25.186285211472921 ], [ -100.325550117265834, 25.222258758750307 ], [ -100.26138350640781, 25.207070567954425 ], [ -100.243774526377337, 25.269714467917193 ], [ -100.254138434503417, 25.306908771713086 ], [ -100.32680370289853, 25.34035647140232 ], [ -100.394567416772873, 25.327854416828028 ], [ -100.47009882205333, 25.337789844965112 ], [ -100.45195490515998, 25.40811568507106 ], [ -100.522703088934563, 25.434324729308067 ], [ -100.530883148633052, 25.463467650017556 ], [ -100.584889086716856, 25.470813038933642 ], [ -100.608581367492121, 25.513445058848237 ], [ -100.596348124131111, 25.544482554113376 ], [ -100.632901843937816, 25.57129935014455 ], [ -100.690286344420443, 25.56710078559858 ], [ -100.729772899967898, 25.633895659994057 ], [ -100.781198651163649, 25.638582082148805 ], [ -100.805613947035354, 25.72430180397107 ], [ -100.861901394631786, 25.818478619417586 ], [ -100.822668945048065, 25.916884542688948 ], [ -100.834424877162547, 25.945042907441017 ], [ -100.905531639877978, 25.956945701011115 ], [ -100.916415667070652, 26.075610555131497 ], [ -100.982742043834335, 26.139477206430271 ], [ -101.074646919618829, 26.198974734150021 ], [ -101.104531497473076, 26.261624702416853 ], [ -101.206762710011645, 26.369778206688601 ], [ -100.983770109243096, 26.545595412943936 ], [ -100.753035439828324, 26.735207802350015 ], [ -100.696092983020023, 26.623354642840471 ], [ -100.614400198779194, 26.685638890353612 ], [ -100.607978421915703, 26.710873489139612 ], [ -100.590135830333793, 26.759520667622471 ], [ -100.541772799693916, 26.806001533613287 ], [ -100.539784275234879, 27.047405829927683 ], [ -100.65370423185631, 27.075729688968767 ], [ -100.694643733158898, 27.109770152904378 ], [ -100.74679573405416, 27.064306214018327 ], [ -100.83056139512658, 27.073885473819509 ], [ -100.834123417316164, 27.195173965124635 ], [ -100.678006216752962, 27.334797306865848 ], [ -100.422681591637186, 27.392511146807287 ], [ -100.421909227009053, 27.392685005403425 ], [ -100.350609841602761, 27.684598559394594 ], [ -100.286179824066522, 27.730947252074259 ], [ -100.1884255257484, 27.799137186442181 ], [ -99.998844827906069, 27.615279402608245 ], [ -99.84322258736286, 27.76986281894883 ], [ -99.811714353927485, 27.772190774520645 ], [ -99.72814673184574, 27.679126215631619 ], [ -99.926418270756258, 27.549156997100383 ], [ -99.919153627529369, 27.491515177684008 ], [ -99.76037881267807, 27.436958727911939 ], [ -99.748807620133761, 27.289000605006191 ], [ -99.678918753085654, 27.102448297051534 ], [ -99.650052833653135, 27.065857885754316 ], [ -99.734168119300918, 26.920612861468484 ], [ -99.766668898594645, 26.889841906337846 ], [ -99.739554712804136, 26.90748240290722 ], [ -99.678862923290254, 26.895786827576025 ], [ -99.589918801157367, 26.861182474634901 ], [ -99.580866108236449, 26.829306921131767 ], [ -99.622564387340063, 26.766933636761856 ], [ -99.618081528463065, 26.728296648353702 ], [ -99.65916445635601, 26.670365136889217 ], [ -99.538335249747519, 26.664595620667431 ], [ -99.396824815475327, 26.596565539611664 ], [ -99.400385633403616, 26.550083939952188 ], [ -99.415692641767365, 26.438169693345369 ], [ -99.430946584032768, 26.351301143364118 ], [ -99.409729809133097, 26.316974979401138 ], [ -99.364150260318269, 26.329270160676604 ], [ -99.333666890067164, 26.30635754582363 ], [ -99.260001574055892, 26.252849988312295 ], [ -99.197801565607904, 26.258486822606386 ], [ -99.167019410968507, 26.075468272545777 ], [ -99.12899870065155, 26.053418345332197 ], [ -99.023872207570804, 26.104102447408145 ], [ -98.900751948390862, 25.968322731940304 ], [ -98.845908602664011, 26.024527778070805 ], [ -98.823226553823332, 26.047648680085409 ], [ -98.736445094387065, 26.036767664050963 ], [ -98.585126065125351, 26.017917607164495 ], [ -98.581350550283176, 25.705956742530073 ], [ -98.581751591579788, 25.489361742094218 ], [ -98.433327081384462, 25.489395222971837 ], [ -98.423131666110379, 25.447492903484189 ], [ -98.863843608640963, 25.127125022840957 ], [ -98.93416994221316, 25.072763180997697 ], [ -99.022193959681431, 25.073640894980691 ], [ -99.036049275027366, 25.120311275403555 ], [ -99.06691702411959, 25.116788065517582 ], [ -99.097440150685429, 25.06323924658852 ], [ -99.166903740347649, 25.046574953752625 ], [ -99.179885821180719, 25.005376007200173 ], [ -99.158942905462965, 24.915988165336458 ], [ -99.204946792570738, 24.864193312463222 ], [ -99.188653121207878, 24.780679604699561 ], [ -99.212885473560064, 24.771674843078166 ], [ -99.294928485786102, 24.8041437072206 ], [ -99.364212705077833, 24.771845153863943 ], [ -99.404904648840244, 24.735088588809273 ], [ -99.450482854544887, 24.73099569293996 ], [ -99.500021309187815, 24.681099684904602 ], [ -99.512827809936013, 24.634481449929883 ], [ -99.609448587003058, 24.622490076317099 ], [ -99.732977768025378, 24.553990781940414 ], [ -99.719803866550237, 24.483710436519239 ], [ -99.636379318369578, 24.506670241449307 ], [ -99.617287259722531, 24.463995581931052 ], [ -99.589931100095299, 24.396142370234067 ], [ -99.594289737510636, 24.330913211267273 ], [ -99.649302159345424, 24.206968025570774 ], [ -99.657080623203399, 24.117996577553722 ], [ -99.570901711399813, 24.039366902398417 ], [ -99.54091206107698, 23.997271636236192 ], [ -99.486939857452796, 23.960500609912977 ], [ -99.467414213681351, 23.869513096851428 ], [ -99.493791074829588, 23.878692986351211 ], [ -99.576680851484326, 23.77546206369972 ], [ -99.659943436963374, 23.770707919117285 ], [ -99.805518909010544, 23.7842979183492 ], [ -99.860659978369682, 23.774462493645757 ], [ -99.882847305565392, 23.723577607553917 ], [ -99.961187625110398, 23.556889769333431 ], [ -99.947698428729666, 23.497172422777357 ] ] ] ] } },
{ "type": "Feature", "properties": { "entidad_cvegeo": "20", "entidad_nombre": "Oaxaca", "entidad_ge": "SRID=6362;MULTIPOLYGON(((3120867.9939 423964.0524,3120783.1626 423873.447900001,3120682.2166 423895.797699999,3120642.399 423957.936299998,3120501.3031 424091.5856,3120576.5013 424093.6239,3120700.7958 424135.124499999,3120801.0599 424137.842700001,31209", "entidad_si": 0 }, "geometry": { "type": "MultiPolygon", "coordinates": [ [ [ [ -96.045145893486875, 15.788680785201709 ], [ -96.118428831958681, 15.76220686913128 ], [ -96.175024832756989, 15.71417849344934 ], [ -96.242570834085953, 15.684765560641873 ], [ -96.333016613480481, 15.687959902104604 ], [ -96.426167353374112, 15.696439150190951 ], [ -96.499659605713049, 15.657649764700301 ], [ -96.524700384257699, 15.662541064180454 ], [ -96.615959547906613, 15.680148274998256 ], [ -96.702387351490628, 15.717183220252428 ], [ -96.852249474936144, 15.737586362810411 ], [ -96.933866352960294, 15.782646229723159 ], [ -97.016881677698422, 15.806220244026466 ], [ -97.061924485915796, 15.860337079082994 ], [ -97.210486963199287, 15.922866915984914 ], [ -97.322494816060583, 15.944586076277085 ], [ -97.433644552075734, 15.943858368412263 ], [ -97.535901145027196, 15.969370825214583 ], [ -97.661071985503014, 15.97737844948773 ], [ -97.679835089434519, 15.962885931377102 ], [ -97.790536674260053, 15.985732896740183 ], [ -97.907447620072347, 16.063777480774494 ], [ -97.989536532480557, 16.115367366699459 ], [ -98.225608501745612, 16.236704544415218 ], [ -98.328322706971662, 16.258130749696168 ], [ -98.431564377231453, 16.27384157812309 ], [ -98.552632441026006, 16.315952583168798 ], [ -98.520733221075133, 16.360054047750783 ], [ -98.454180939476188, 16.385793442945843 ], [ -98.399532994222042, 16.380514007199167 ], [ -98.365913850296494, 16.423708696272733 ], [ -98.356846450332696, 16.477412623616686 ], [ -98.395139406320951, 16.546836427695624 ], [ -98.316637011276157, 16.569866821374777 ], [ -98.292829491904243, 16.557780580693333 ], [ -98.205525815961906, 16.585927097406358 ], [ -98.22845877844567, 16.639503703168966 ], [ -98.23796859110233, 16.707407491382853 ], [ -98.138993996882178, 16.723783803510031 ], [ -98.13537652172819, 16.757390841706911 ], [ -98.10815703409304, 16.760951385090031 ], [ -98.081093997135739, 16.833401286457899 ], [ -98.080719624366466, 16.884951224135563 ], [ -98.097113684078479, 16.96888479727042 ], [ -98.057494404005112, 17.023776455947303 ], [ -98.030157732230251, 17.015757067729556 ], [ -98.025185659427379, 17.019216307041273 ], [ -98.072604284512067, 17.064381823624828 ], [ -98.080913976785524, 17.066581203279071 ], [ -98.098781560834269, 17.083850172084432 ], [ -98.183454811197052, 17.117695360244202 ], [ -98.220404056003943, 17.126561940575201 ], [ -98.21768113383834, 17.186864319701829 ], [ -98.203136232092945, 17.216287412172036 ], [ -98.242351143633982, 17.250561515596235 ], [ -98.302142843619478, 17.246285801590172 ], [ -98.322699533194367, 17.274839155262892 ], [ -98.304810516445627, 17.327519824345668 ], [ -98.304914784188242, 17.394303766539164 ], [ -98.332380772548291, 17.47198199239244 ], [ -98.331644897091081, 17.519473033034316 ], [ -98.32962706187493, 17.533262855158334 ], [ -98.376971586059554, 17.605349065244287 ], [ -98.412397049714173, 17.601006049057482 ], [ -98.461044742552332, 17.630358855296944 ], [ -98.47070456061563, 17.678095990430574 ], [ -98.489655623327025, 17.703438888998505 ], [ -98.493939777497175, 17.772966710062711 ], [ -98.47101669125702, 17.788807932005881 ], [ -98.424956987652195, 17.839594509263211 ], [ -98.424891780627249, 17.865989764376867 ], [ -98.382603958272512, 17.883669742927385 ], [ -98.33178602714635, 17.879977470442654 ], [ -98.297929562262667, 17.911109411010155 ], [ -98.262711128317619, 17.926968866381568 ], [ -98.246537594645162, 17.878442637498082 ], [ -98.207117012966663, 17.886996215154511 ], [ -98.166039428025215, 17.91933747173228 ], [ -98.153202596371926, 17.967880814880413 ], [ -98.129920766328553, 17.97797542226775 ], [ -98.107333911150718, 17.982834108972227 ], [ -98.051616673796545, 17.982190740462197 ], [ -97.994525494726261, 17.974731119124538 ], [ -97.967562878396379, 17.970701640280033 ], [ -97.934958070326644, 17.961018761987312 ], [ -97.936341726698799, 17.925291607513028 ], [ -97.903104859110357, 17.909156964178692 ], [ -97.879111629566168, 17.917909213521138 ], [ -97.81928674244088, 17.914738213672781 ], [ -97.812995210158746, 17.945148950586198 ], [ -97.767941092852567, 17.976652888082295 ], [ -97.766381003399601, 18.005914883383593 ], [ -97.698830067713871, 18.021693893275334 ], [ -97.771671091442954, 18.068367547623033 ], [ -97.798543932819982, 18.03580210703522 ], [ -97.790920975749856, 18.00415809842055 ], [ -97.826271910892672, 17.972677155880284 ], [ -97.842733497999845, 18.018930615309959 ], [ -97.836901395644745, 18.032643412760915 ], [ -97.818360260023368, 18.073015242715922 ], [ -97.860552895390882, 18.102707168732405 ], [ -97.863941490151589, 18.147966609028146 ], [ -97.839462255542045, 18.171231148990536 ], [ -97.849898669472182, 18.188519680065919 ], [ -97.815455112662661, 18.262046669553307 ], [ -97.783194620062844, 18.286281881890663 ], [ -97.749747226138695, 18.275763949341666 ], [ -97.66341437494053, 18.291813292635762 ], [ -97.643982052232019, 18.279417614338595 ], [ -97.642126437298927, 18.187092363456145 ], [ -97.651616279541543, 18.176949058588423 ], [ -97.615274733627729, 18.153278626385081 ], [ -97.569619790153666, 18.103387367875666 ], [ -97.568085450060664, 18.092113004707581 ], [ -97.557630740841191, 18.046881374568279 ], [ -97.47973265565436, 18.027094513986231 ], [ -97.425559178281091, 18.069275975882487 ], [ -97.402339074102741, 18.107206453363606 ], [ -97.368868899676244, 18.100526136675356 ], [ -97.352757400305805, 18.123254098834945 ], [ -97.308535815966835, 18.156088309662511 ], [ -97.21434846482903, 18.163667632836212 ], [ -97.167368016564012, 18.200903284495165 ], [ -97.133885217021074, 18.15772032037999 ], [ -97.088721715208635, 18.149174925628046 ], [ -97.04209413174523, 18.15656941724114 ], [ -97.024989698485854, 18.18979173955708 ], [ -97.009044836629869, 18.205867250871751 ], [ -96.991479428011246, 18.230739431623594 ], [ -96.940911280280162, 18.219567829736416 ], [ -96.936835310033899, 18.21603198129111 ], [ -96.9363625321879, 18.216586409444137 ], [ -96.910749136945512, 18.238755529492572 ], [ -96.904725745860674, 18.237589410538014 ], [ -96.866305870654145, 18.242017788848038 ], [ -96.855296257982602, 18.241288616401064 ], [ -96.753308588660133, 18.392942897960513 ], [ -96.7286500033198, 18.395736881383364 ], [ -96.696308876092516, 18.36486222791607 ], [ -96.681037251826936, 18.412204436487631 ], [ -96.704438404627624, 18.45241618329274 ], [ -96.682360690970796, 18.499669350373068 ], [ -96.711826690607239, 18.54805547583566 ], [ -96.67215466316577, 18.618584183691752 ], [ -96.68414437870446, 18.644263653329936 ], [ -96.628208561354498, 18.631931229584701 ], [ -96.584174812920168, 18.60205716947516 ], [ -96.457172264385363, 18.570274910570621 ], [ -96.42032862084389, 18.507925424179504 ], [ -96.400177711231237, 18.444466938656785 ], [ -96.352187231164905, 18.406566140901102 ], [ -96.319550921257104, 18.35825629282558 ], [ -96.301779346285315, 18.318020478787219 ], [ -96.294449658571835, 18.312428793005754 ], [ -96.27638445046631, 18.252398234362193 ], [ -96.268452386653877, 18.226040042467861 ], [ -96.268289921165064, 18.225500170798703 ], [ -96.217478094097061, 18.161967396170812 ], [ -96.171391129034319, 18.186417769013854 ], [ -96.149718551908848, 18.131640947333199 ], [ -96.083915188807055, 18.161770415565897 ], [ -96.066383095732149, 18.131588590488665 ], [ -95.990579872338856, 18.151174147669643 ], [ -95.979259241455409, 18.146732284231664 ], [ -95.952534195667113, 18.159827814000664 ], [ -95.902743048387151, 18.135696822967144 ], [ -95.851535702801058, 18.130790967733375 ], [ -95.824241535474727, 18.081004020078062 ], [ -95.800014269897531, 17.94982483916856 ], [ -95.848495868079283, 17.848121689328799 ], [ -95.858895790798258, 17.844524078546137 ], [ -95.867164684911799, 17.773229034797644 ], [ -95.891113504371262, 17.766805451084931 ], [ -95.895279960218872, 17.704507259870567 ], [ -95.803305596413836, 17.62936575939316 ], [ -95.77337034586786, 17.623825199721679 ], [ -95.769684831529702, 17.588060369542799 ], [ -95.72955613535278, 17.571482684582154 ], [ -95.708789563041861, 17.531897025035811 ], [ -95.599561246607777, 17.536205615511484 ], [ -95.572640962628483, 17.548636911007005 ], [ -95.530081458505663, 17.570987103791865 ], [ -95.387648537346237, 17.663298145899226 ], [ -95.351207428534025, 17.678157867732409 ], [ -95.238912996032326, 17.739264125555877 ], [ -95.181469731247461, 17.6858171891487 ], [ -95.192392784534007, 17.654910680950927 ], [ -95.271258050609646, 17.624734599343345 ], [ -95.253247540658407, 17.601541034292879 ], [ -95.20459719969756, 17.538672208370574 ], [ -95.122144648108673, 17.431987886091608 ], [ -95.076567396885125, 17.37293371117379 ], [ -94.971192159621722, 17.330969582824792 ], [ -94.928918049169027, 17.324743496592717 ], [ -94.895429026754115, 17.256378404110528 ], [ -94.922814779723922, 17.193788436575826 ], [ -94.823580442502461, 17.188765197335023 ], [ -94.743576255156427, 17.18466709927149 ], [ -94.087497135850455, 17.149433387272389 ], [ -93.867426771839718, 17.13696491020859 ], [ -94.04558659397307, 16.694985697907509 ], [ -94.133474850943358, 16.475966364332319 ], [ -94.139143865787517, 16.461816708089508 ], [ -94.102480062393013, 16.407527544499438 ], [ -94.05066485013495, 16.329713928740489 ], [ -94.032961006993887, 16.275944976685111 ], [ -94.048469923603221, 16.216171469245893 ], [ -94.109567603750932, 16.179101242692077 ], [ -94.102763692687773, 16.142515923329892 ], [ -94.100787646954572, 16.139015271265652 ], [ -94.036008104856748, 16.022094723575165 ], [ -94.000218837305013, 16.003088722815153 ], [ -94.202366076867506, 16.096783018515605 ], [ -94.427360237874751, 16.169844950811232 ], [ -94.540045137318359, 16.191865363907713 ], [ -94.699761606548449, 16.20991033525279 ], [ -94.739422295732751, 16.208080937529584 ], [ -94.756584032930675, 16.210105926522566 ], [ -94.923604327158856, 16.207578863353806 ], [ -95.070130790650296, 16.183364863268828 ], [ -95.138722278805204, 16.188698391683669 ], [ -95.161941693468066, 16.165172001058902 ], [ -95.233211482175918, 16.158283482439121 ], [ -95.280307526666519, 16.115614955896486 ], [ -95.354653096985331, 16.078522668599742 ], [ -95.370059583904037, 16.019349204322705 ], [ -95.43561703668405, 15.976096407146743 ], [ -95.513725070922902, 15.963845390978488 ], [ -95.561409619686032, 15.959065127427731 ], [ -95.661084260620797, 15.912976561566738 ], [ -95.712104596125059, 15.90778934052633 ], [ -96.003408256403432, 15.8081410532047 ], [ -96.045145893486875, 15.788680785201709 ] ] ] ] } },
{ "type": "Feature", "properties": { "entidad_cvegeo": "21", "entidad_nombre": "Puebla", "entidad_ge": "SRID=6362;MULTIPOLYGON(((2930806.2809 987523.588199999,2930857.7907 987493.440699998,2930921.0301 987463.548099998,2930996.3397 987418.283500001,2931048.2756 987368.6006,2931096.3012 987318.832400002,2931120.4419 987288.087299999,2931133.1938 987241.4593", "entidad_si": 0 }, "geometry": { "type": "MultiPolygon", "coordinates": [ [ [ [ -98.262711128317619, 17.926968866381568 ], [ -98.297929562262667, 17.911109411010155 ], [ -98.33178602714635, 17.879977470442654 ], [ -98.382603958272512, 17.883669742927385 ], [ -98.424891780627249, 17.865989764376867 ], [ -98.439229548661018, 17.91899580414945 ], [ -98.434220809710283, 17.983907520665927 ], [ -98.48679693261694, 17.990798747733599 ], [ -98.584930458565807, 17.973944364360793 ], [ -98.644519483244466, 17.933643820671737 ], [ -98.688102019615158, 17.961938171147004 ], [ -98.766946797970917, 17.989265669111933 ], [ -98.768622293767194, 18.019516951324153 ], [ -98.812283297477251, 18.063631019346236 ], [ -98.869811810867944, 18.057216659161821 ], [ -98.860177978013937, 18.092318568857419 ], [ -98.859161816147449, 18.128781677834144 ], [ -98.884785671455973, 18.167032271045201 ], [ -99.000066316004393, 18.190204909119679 ], [ -98.995003904772574, 18.237391992642998 ], [ -99.054036209396173, 18.252305185010655 ], [ -99.065963984620268, 18.332566502045619 ], [ -98.973970364381003, 18.417139048821525 ], [ -98.939205930970999, 18.422043443952621 ], [ -98.915214096968029, 18.457345534848685 ], [ -98.810507133998613, 18.519203557288723 ], [ -98.754946276573691, 18.457103533637909 ], [ -98.726952764116206, 18.439533125693202 ], [ -98.706699123804782, 18.445112229712148 ], [ -98.698973883856468, 18.494980492011116 ], [ -98.712546553764625, 18.585415948747873 ], [ -98.71926882527535, 18.604985036515902 ], [ -98.727494730917385, 18.669614248321576 ], [ -98.753396849169974, 18.742927316122596 ], [ -98.747410910957825, 18.75841113102695 ], [ -98.6950155747857, 18.845151462713492 ], [ -98.688664404538727, 18.858105060767205 ], [ -98.672078568255301, 18.880002274779624 ], [ -98.673629388930777, 18.951665164136529 ], [ -98.632946651467037, 19.015549520329198 ], [ -98.627523075097912, 19.022401924015512 ], [ -98.639296090718531, 19.077442608876453 ], [ -98.636230494051588, 19.153594335179211 ], [ -98.639209804358543, 19.163562475721651 ], [ -98.640314377904332, 19.167161976284618 ], [ -98.643571204355325, 19.238729866692079 ], [ -98.627524876177745, 19.257759173220531 ], [ -98.631871268945858, 19.263936748545316 ], [ -98.663475884831854, 19.324792383559995 ], [ -98.644479265916402, 19.35199997988817 ], [ -98.657137025875343, 19.397078206491418 ], [ -98.634822050674657, 19.431241875831439 ], [ -98.65322655538678, 19.465986223857836 ], [ -98.634114727023658, 19.467848168242565 ], [ -98.591275648082785, 19.449214196014132 ], [ -98.541499003054213, 19.460821388886369 ], [ -98.508262667035012, 19.426899298908875 ], [ -98.487200526814092, 19.392231169268161 ], [ -98.486956045215464, 19.389636356047244 ], [ -98.454920315309835, 19.345501100353932 ], [ -98.442096460285356, 19.327597411123442 ], [ -98.407721375808634, 19.315931708489494 ], [ -98.378038690329959, 19.254583799839011 ], [ -98.368915041305755, 19.226122002274018 ], [ -98.33984425509729, 19.186115091686506 ], [ -98.323792693431997, 19.168819901766934 ], [ -98.312172692347119, 19.190398822362919 ], [ -98.306310157056743, 19.188755042537899 ], [ -98.287875603171202, 19.174096714904412 ], [ -98.262220965802953, 19.160750900568289 ], [ -98.242147647960493, 19.157594072042254 ], [ -98.224565064944827, 19.13806232371584 ], [ -98.224537362266886, 19.137925591569399 ], [ -98.189209386322972, 19.13708482477896 ], [ -98.166175776319648, 19.105071861181319 ], [ -98.100318747616157, 19.163366651509737 ], [ -98.03168626749941, 19.230938382318161 ], [ -97.992029691255865, 19.195830499301756 ], [ -97.978950152706105, 19.192570141220763 ], [ -97.915065473014181, 19.173338035781388 ], [ -97.85098829199103, 19.222934223676528 ], [ -97.865135588410638, 19.253949390676286 ], [ -97.870287049811552, 19.2705859877356 ], [ -97.838428667002105, 19.287264405057751 ], [ -97.820856894674591, 19.304730995132175 ], [ -97.771385524807414, 19.283752651894435 ], [ -97.719642950351158, 19.30475322718754 ], [ -97.69093324458504, 19.285888115605424 ], [ -97.646088873819849, 19.30640931631341 ], [ -97.631446160176239, 19.355395432145759 ], [ -97.664210826829873, 19.365110145878337 ], [ -97.70396546208471, 19.392963350034623 ], [ -97.724525123687684, 19.431636946415029 ], [ -97.796859263155213, 19.472442842418516 ], [ -97.794538669286723, 19.49837460020996 ], [ -97.862271495402226, 19.456175524973631 ], [ -97.869601970723693, 19.542341031929297 ], [ -97.878554217640456, 19.569056916761031 ], [ -97.953846661434767, 19.604449263295869 ], [ -97.97409576224544, 19.625055953175575 ], [ -98.042212022054741, 19.640224705359177 ], [ -98.040066874617636, 19.699592618151257 ], [ -98.068809079131924, 19.703366045918251 ], [ -98.159721589744038, 19.669390997577466 ], [ -98.240786289715288, 19.675856639775454 ], [ -98.255318917436938, 19.718829019384941 ], [ -98.215109343406709, 19.741314451217455 ], [ -98.283540455377363, 19.846969161078594 ], [ -98.31449702084052, 19.854514743512986 ], [ -98.269351844334111, 19.895709130896378 ], [ -98.219061732250239, 19.9671962977018 ], [ -98.166978781744888, 19.971801895284582 ], [ -98.173607413388709, 20.033754944545034 ], [ -98.157744808102137, 20.084197860698836 ], [ -98.128272666434881, 20.107202647938006 ], [ -98.10507942551115, 20.14227951378717 ], [ -98.129800632108086, 20.176642533935411 ], [ -98.147005210942822, 20.220614025577817 ], [ -98.191970304832196, 20.258137334393457 ], [ -98.259740572836833, 20.215263810186446 ], [ -98.284443535653935, 20.262788849318202 ], [ -98.257417550392589, 20.298556423643905 ], [ -98.190286964454231, 20.294016407800378 ], [ -98.112503779771515, 20.354295728775842 ], [ -98.099732688464016, 20.382430824789232 ], [ -98.09389049743416, 20.386634756825877 ], [ -98.070602631285126, 20.430141417460664 ], [ -98.025568014517461, 20.44858449839284 ], [ -98.012763703895104, 20.466726294339285 ], [ -97.988790993431365, 20.495385200580809 ], [ -97.985043407527641, 20.517036493759186 ], [ -97.980816110525367, 20.540708869127045 ], [ -97.909461748761416, 20.587795444013842 ], [ -97.895213196497807, 20.622533311602179 ], [ -97.913334945484621, 20.671970777463734 ], [ -97.922446600553073, 20.716518787270683 ], [ -97.894801700849044, 20.797763874095036 ], [ -97.879119786643159, 20.834275880898076 ], [ -97.83025394008483, 20.807957174084127 ], [ -97.75034853909132, 20.814788443407469 ], [ -97.719887590285651, 20.776798802074534 ], [ -97.751526024406829, 20.70155767549214 ], [ -97.72596151000711, 20.636731296662436 ], [ -97.704834014595775, 20.629573775656123 ], [ -97.701205145904481, 20.574219952653895 ], [ -97.675481621083946, 20.554991471929466 ], [ -97.589952772054204, 20.556149683614539 ], [ -97.541802149258586, 20.488513468899757 ], [ -97.640723732870853, 20.442271663143714 ], [ -97.646593104527568, 20.408685185272468 ], [ -97.733762642276801, 20.452088421439409 ], [ -97.748499506508622, 20.42168958331359 ], [ -97.76540661242467, 20.381063688960619 ], [ -97.676823770963054, 20.306879097362511 ], [ -97.757202990268141, 20.279234605354347 ], [ -97.736512369052207, 20.244075084358265 ], [ -97.730779053904314, 20.204777311874174 ], [ -97.689560954279685, 20.166812956797571 ], [ -97.658733355599182, 20.168636065167483 ], [ -97.635423709735633, 20.182536473960781 ], [ -97.621956556677475, 20.174406023840174 ], [ -97.621272564978185, 20.172134213986023 ], [ -97.604957355462886, 20.157810473043487 ], [ -97.595711511113947, 20.096891534726868 ], [ -97.586028015074149, 20.07932992331499 ], [ -97.503490894016693, 20.148634142772352 ], [ -97.487350699666806, 20.165444488043985 ], [ -97.462484629397267, 20.185175702009762 ], [ -97.445276091498272, 20.246160656888986 ], [ -97.379282910155055, 20.249568686398671 ], [ -97.378138121247773, 20.226150211433779 ], [ -97.315510200145923, 20.200574675343315 ], [ -97.286763079156088, 20.191205551253088 ], [ -97.164413429742027, 20.151831547754092 ], [ -97.149991195186914, 20.160614258184712 ], [ -97.140559758977474, 20.119837621248141 ], [ -97.210677304091902, 20.041184039044044 ], [ -97.207163527345713, 20.014454482714125 ], [ -97.261048626020354, 19.976358426057288 ], [ -97.255808647485196, 19.932460096826009 ], [ -97.301884642392267, 19.876682744905111 ], [ -97.315570638218986, 19.824906819193483 ], [ -97.30742386188237, 19.68453738923581 ], [ -97.380420812494592, 19.633984819899776 ], [ -97.419926650162992, 19.624055741128721 ], [ -97.43412124459158, 19.588356039555748 ], [ -97.394923628915507, 19.492421031284788 ], [ -97.348258528391355, 19.484626962433641 ], [ -97.360355555975445, 19.376015305803854 ], [ -97.28177931869358, 19.387343815621691 ], [ -97.266710751345727, 19.382488716068853 ], [ -97.210862973799436, 19.358003640700815 ], [ -97.215566835757969, 19.323147615029871 ], [ -97.14845491673745, 19.32025004917508 ], [ -97.147865095132545, 19.320217401424028 ], [ -97.098014647073342, 19.304136343987764 ], [ -97.067889417892644, 19.32136086131753 ], [ -96.991407424232349, 19.285787360280136 ], [ -96.985712968689199, 19.280048357491669 ], [ -97.029562763081188, 19.21802258764804 ], [ -97.055989599426965, 19.19796710136049 ], [ -97.03812700070921, 19.134262581450407 ], [ -97.052880601025606, 19.13228839157243 ], [ -97.075101580252564, 19.157882535530387 ], [ -97.144188700093821, 19.163910362781479 ], [ -97.194589065598365, 19.171812582157337 ], [ -97.260189786870626, 19.098581078778096 ], [ -97.266625702138157, 19.03031320614857 ], [ -97.267187540386317, 19.029807502754796 ], [ -97.268897095459522, 19.028268718274951 ], [ -97.278922446608675, 18.996746970871641 ], [ -97.254959412734152, 18.943806130174714 ], [ -97.24721586748602, 18.918926355995715 ], [ -97.298395962865087, 18.860484777105107 ], [ -97.325769543194767, 18.81298971686358 ], [ -97.326339384551034, 18.811561203621238 ], [ -97.330786176913477, 18.763912322428503 ], [ -97.349011789834904, 18.716133377795199 ], [ -97.343974590232889, 18.68575900655587 ], [ -97.303202666921862, 18.674285612155614 ], [ -97.2736432928276, 18.633104699506614 ], [ -97.235429151191454, 18.643569479087805 ], [ -97.226574609090449, 18.63884209174034 ], [ -97.142394063093832, 18.593345906817852 ], [ -97.14456306931028, 18.570927854660848 ], [ -97.112698231783725, 18.521314523944348 ], [ -97.081069590009662, 18.463767148894213 ], [ -96.998917336790058, 18.531916453952796 ], [ -96.996240491032779, 18.528511974703559 ], [ -96.952957633800366, 18.553899004618053 ], [ -96.866289844636228, 18.525864664402885 ], [ -96.842357506749494, 18.493388785703548 ], [ -96.797011825461979, 18.511935177327256 ], [ -96.781011961257661, 18.429069507209601 ], [ -96.7286500033198, 18.395736881383364 ], [ -96.753308588660133, 18.392942897960513 ], [ -96.855296257982602, 18.241288616401064 ], [ -96.866305870654145, 18.242017788848038 ], [ -96.904725745860674, 18.237589410538014 ], [ -96.910749136945512, 18.238755529492572 ], [ -96.9363625321879, 18.216586409444137 ], [ -96.936835310033899, 18.21603198129111 ], [ -96.940911280280162, 18.219567829736416 ], [ -96.991479428011246, 18.230739431623594 ], [ -97.009044836629869, 18.205867250871751 ], [ -97.024989698485854, 18.18979173955708 ], [ -97.04209413174523, 18.15656941724114 ], [ -97.088721715208635, 18.149174925628046 ], [ -97.133885217021074, 18.15772032037999 ], [ -97.167368016564012, 18.200903284495165 ], [ -97.21434846482903, 18.163667632836212 ], [ -97.308535815966835, 18.156088309662511 ], [ -97.352757400305805, 18.123254098834945 ], [ -97.368868899676244, 18.100526136675356 ], [ -97.402339074102741, 18.107206453363606 ], [ -97.425559178281091, 18.069275975882487 ], [ -97.47973265565436, 18.027094513986231 ], [ -97.557630740841191, 18.046881374568279 ], [ -97.568085450060664, 18.092113004707581 ], [ -97.569619790153666, 18.103387367875666 ], [ -97.615274733627729, 18.153278626385081 ], [ -97.651616279541543, 18.176949058588423 ], [ -97.642126437298927, 18.187092363456145 ], [ -97.643982052232019, 18.279417614338595 ], [ -97.66341437494053, 18.291813292635762 ], [ -97.749747226138695, 18.275763949341666 ], [ -97.783194620062844, 18.286281881890663 ], [ -97.815455112662661, 18.262046669553307 ], [ -97.849898669472182, 18.188519680065919 ], [ -97.839462255542045, 18.171231148990536 ], [ -97.863941490151589, 18.147966609028146 ], [ -97.860552895390882, 18.102707168732405 ], [ -97.818360260023368, 18.073015242715922 ], [ -97.836901395644745, 18.032643412760915 ], [ -97.842733497999845, 18.018930615309959 ], [ -97.826271910892672, 17.972677155880284 ], [ -97.790920975749856, 18.00415809842055 ], [ -97.798543932819982, 18.03580210703522 ], [ -97.771671091442954, 18.068367547623033 ], [ -97.698830067713871, 18.021693893275334 ], [ -97.766381003399601, 18.005914883383593 ], [ -97.767941092852567, 17.976652888082295 ], [ -97.812995210158746, 17.945148950586198 ], [ -97.81928674244088, 17.914738213672781 ], [ -97.879111629566168, 17.917909213521138 ], [ -97.903104859110357, 17.909156964178692 ], [ -97.936341726698799, 17.925291607513028 ], [ -97.934958070326644, 17.961018761987312 ], [ -97.967562878396379, 17.970701640280033 ], [ -97.994525494726261, 17.974731119124538 ], [ -98.051616673796545, 17.982190740462197 ], [ -98.107333911150718, 17.982834108972227 ], [ -98.129920766328553, 17.97797542226775 ], [ -98.153202596371926, 17.967880814880413 ], [ -98.166039428025215, 17.91933747173228 ], [ -98.207117012966663, 17.886996215154511 ], [ -98.246537594645162, 17.878442637498082 ], [ -98.262711128317619, 17.926968866381568 ] ] ] ] } },
{ "type": "Feature", "properties": { "entidad_cvegeo": "22", "entidad_nombre": "Queretaro", "entidad_ge": "SRID=6362;MULTIPOLYGON(((2789578.5891 1075590.9818,2790053.7126 1074945.5802,2790260.2072 1074665.4244,2790408.6647 1073981.8028,2790612.8994 1073631.5284,2790894.303 1072895.1085,2791089.9479 1072436.7632,2791141.1726 1072213.3276,2791179.283 1072113.37", "entidad_si": 0 }, "geometry": { "type": "MultiPolygon", "coordinates": [ [ [ [ -99.977711265531511, 20.239114915368695 ], [ -99.935753379971601, 20.169311576672314 ], [ -99.942206448086992, 20.120100339007482 ], [ -99.926337422837619, 20.064330675947964 ], [ -100.005669074763858, 20.064383242949674 ], [ -100.076884090949392, 20.029480428866343 ], [ -100.137937375127933, 20.044311534783514 ], [ -100.201578659238805, 20.075926098138606 ], [ -100.196454845119163, 20.222276932196284 ], [ -100.307484542377324, 20.285469386967652 ], [ -100.350656472071108, 20.28841309949048 ], [ -100.386378560160793, 20.306849097972592 ], [ -100.403279380529455, 20.36082264914144 ], [ -100.469544537228472, 20.386943833336169 ], [ -100.488383682019943, 20.473312680593033 ], [ -100.509755583397265, 20.506526840688132 ], [ -100.504765445041087, 20.555033403296417 ], [ -100.48884126468954, 20.594397208856186 ], [ -100.596506863967832, 20.717312172288246 ], [ -100.548914617428821, 20.736383416757196 ], [ -100.559332222220391, 20.829914671526723 ], [ -100.507286618474126, 20.869538223214857 ], [ -100.47223355940568, 20.928415209083877 ], [ -100.412791446843215, 20.887806995938309 ], [ -100.333590802925187, 20.890728475770334 ], [ -100.265543235147362, 20.929247382597925 ], [ -100.245544156208581, 20.963328958627308 ], [ -100.187811128332342, 20.932547554017262 ], [ -100.092341067164867, 20.93174438191328 ], [ -100.060746315233644, 21.005815789105661 ], [ -100.011270545161366, 21.040816738765713 ], [ -100.014702001501135, 21.05097118675301 ], [ -100.027543070260862, 21.100253018516241 ], [ -100.011085733379559, 21.189464339378159 ], [ -99.986368046309096, 21.218310032461236 ], [ -99.904222212394032, 21.185322911413753 ], [ -99.829145297483507, 21.157934870310932 ], [ -99.73848345916582, 21.23581776366343 ], [ -99.693409348274287, 21.235896301701509 ], [ -99.673603086068226, 21.296949539511594 ], [ -99.707565309202536, 21.314545832923386 ], [ -99.757893574939899, 21.292140369481146 ], [ -99.79452201080521, 21.357399414546439 ], [ -99.779101452484795, 21.394928199330057 ], [ -99.777349784071163, 21.495022667736741 ], [ -99.749292259668366, 21.523173474153438 ], [ -99.746743195598242, 21.578363287025272 ], [ -99.7055759317374, 21.570739862402696 ], [ -99.660228544459144, 21.567191949229262 ], [ -99.625800790482984, 21.507301914052029 ], [ -99.549835045260735, 21.447276942285956 ], [ -99.501311736348427, 21.418543285449548 ], [ -99.471801386802682, 21.436022493168956 ], [ -99.404646170758582, 21.428926190337425 ], [ -99.371976208973507, 21.507104089294387 ], [ -99.375906847268581, 21.547930583349125 ], [ -99.307421256649363, 21.532034876520694 ], [ -99.274025786671913, 21.567797411591027 ], [ -99.279400232677688, 21.608222551236025 ], [ -99.233898342703625, 21.628786212234978 ], [ -99.188108317912679, 21.669917099511085 ], [ -99.171895502343247, 21.627031484335344 ], [ -99.130609321549869, 21.596649582124417 ], [ -99.142282205253423, 21.535439553902087 ], [ -99.129294740163488, 21.486779223765975 ], [ -99.122396621530342, 21.453415882367196 ], [ -99.092620757942683, 21.363360484401021 ], [ -99.129455517996107, 21.362046244351525 ], [ -99.121662298927575, 21.310181410244482 ], [ -99.055138496165341, 21.282538470075533 ], [ -99.043079853317437, 21.178677242051549 ], [ -99.054787936156615, 21.159439084729062 ], [ -99.132564894163764, 21.153031791750635 ], [ -99.180875891875587, 21.126641045242167 ], [ -99.24355879858004, 21.103850921235303 ], [ -99.308587110603469, 21.147313107191657 ], [ -99.336046325670978, 21.130102897513339 ], [ -99.389892186281713, 21.102415858409984 ], [ -99.363901205813008, 21.048509307084473 ], [ -99.383954985763651, 21.009715748678804 ], [ -99.404357046428828, 20.92914987884409 ], [ -99.448646709247313, 20.857668343117389 ], [ -99.482571993083866, 20.83924874638749 ], [ -99.496452549987154, 20.781316391927341 ], [ -99.546999074153447, 20.727745350647282 ], [ -99.501922667153295, 20.65896222058997 ], [ -99.573675378432938, 20.634766497990761 ], [ -99.607604829690672, 20.606202194673468 ], [ -99.658014078390693, 20.601755422167219 ], [ -99.735273483155098, 20.564858320887286 ], [ -99.828124239201202, 20.542538691578887 ], [ -99.835079839587138, 20.481035728427536 ], [ -99.835442390873084, 20.477828508971008 ], [ -99.859106421467132, 20.268470547234909 ], [ -99.913347400525168, 20.285866666650875 ], [ -99.922381515129914, 20.231139480253173 ], [ -99.977711265531511, 20.239114915368695 ] ] ] ] } },
{ "type": "Feature", "properties": { "entidad_cvegeo": "23", "entidad_nombre": "Quintana Roo", "entidad_ge": "SRID=6362;MULTIPOLYGON(((4014256.6468 988846.821199998,4014249.275 988822.561099999,4014244.3737 988803.8345,4014237.3863 988774.5295,4014235.6195 988759.8818,4014236.653 988726.948199999,4014245.3981 988686.167800002,4014249.6962 988652.32,4014242.9975", "entidad_si": 0 }, "geometry": { "type": "MultiPolygon", "coordinates": [ [ [ [ -89.15195662492367, 17.940256909825425 ], [ -89.205872044418513, 17.954099721008607 ], [ -89.206738940449156, 18.021079958796289 ], [ -89.16336068568819, 18.057885120210393 ], [ -89.202457790483649, 18.083276218898543 ], [ -89.200236641643698, 18.144629340640929 ], [ -89.143065972298913, 18.145819600437768 ], [ -89.151673657031935, 18.293562636084825 ], [ -89.132359536891897, 18.293402639609088 ], [ -89.150237815616578, 18.451059392723977 ], [ -89.152115116254336, 18.735730732770616 ], [ -89.148601548325232, 18.877307055068997 ], [ -89.146926118393125, 19.281495495839408 ], [ -89.1466668512913, 19.423861639331122 ], [ -89.296561814063253, 19.551174095610975 ], [ -89.219556568217968, 19.608022252357387 ], [ -89.222868746125599, 19.636656969749641 ], [ -89.144861687060853, 19.637398729565039 ], [ -89.123398520948712, 19.703424148883428 ], [ -89.074212699300631, 19.694194101985161 ], [ -89.025162991888038, 19.776709672455699 ], [ -88.95638671763443, 19.816823561504737 ], [ -88.929512466011218, 19.790948561151254 ], [ -88.880191535090475, 19.878124872499299 ], [ -88.833043003904365, 19.87822711510497 ], [ -88.783502586740269, 20.008180188279177 ], [ -88.700176161792513, 20.010356725987517 ], [ -88.690608904045646, 20.089856127561095 ], [ -88.576681547765887, 20.14807830316639 ], [ -88.507621193917103, 20.143391092259055 ], [ -88.502345250922687, 20.190077957866677 ], [ -88.409127738002809, 20.252097324155731 ], [ -88.308788433324295, 20.253510036766244 ], [ -88.232669472681209, 20.290178911422679 ], [ -88.136489599933967, 20.281371784819857 ], [ -88.064929428346844, 20.34953705022285 ], [ -87.992958113661643, 20.424067704685989 ], [ -87.962742041425699, 20.446706029393876 ], [ -87.938006486686405, 20.470196696350222 ], [ -87.744259471622541, 20.653787090687143 ], [ -87.578340681123734, 20.925736660783727 ], [ -87.533145280686796, 20.999602132716959 ], [ -87.534912900847473, 21.49022244914218 ], [ -87.488333231917053, 21.485183134112233 ], [ -87.354634617082411, 21.446319307020051 ], [ -87.223336490727334, 21.431220892914791 ], [ -87.11163129884163, 21.471551386807612 ], [ -87.098856694501066, 21.53219625544353 ], [ -87.128709339106649, 21.554537330864246 ], [ -87.085747199083457, 21.589413695413789 ], [ -87.008747039065696, 21.554601771510452 ], [ -86.89233420727362, 21.411346628876593 ], [ -86.8485002039547, 21.251873029259784 ], [ -86.801843346126731, 21.211951234202544 ], [ -86.803063071597379, 21.160138032727762 ], [ -86.743538592427086, 21.136291806306641 ], [ -86.779463901194831, 21.060222691601055 ], [ -86.809800311307853, 21.029186132153779 ], [ -86.846284805594436, 20.905515771174652 ], [ -86.874811724988959, 20.847311400322912 ], [ -86.915328720962279, 20.810535543867136 ], [ -87.008122501231327, 20.704245744005988 ], [ -87.021728570365568, 20.674978267631463 ], [ -87.122005203175263, 20.575580500044616 ], [ -87.12879193171247, 20.569120504944554 ], [ -87.246348585606583, 20.484854076354537 ], [ -87.303595947955515, 20.410571519644058 ], [ -87.352419578418733, 20.322942368514664 ], [ -87.356181585907692, 20.311685577244688 ], [ -87.422397690813568, 20.22782559413357 ], [ -87.478192841112005, 20.078747534776358 ], [ -87.47824854691136, 20.007226158463556 ], [ -87.457354860900423, 19.928201276827341 ], [ -87.473876650692119, 19.856098921156207 ], [ -87.499998807325269, 19.807103075420631 ], [ -87.578910628529925, 19.790366321177359 ], [ -87.645114435101107, 19.682233439856816 ], [ -87.740639731706892, 19.666165468210956 ], [ -87.748707383007186, 19.600138967072752 ], [ -87.650442944722158, 19.505166643554492 ], [ -87.61451819708941, 19.552767742463015 ], [ -87.506799999961927, 19.568299999582266 ], [ -87.507199999624859, 19.586699999633378 ], [ -87.410378525454561, 19.598409477431979 ], [ -87.444350774998071, 19.468929449732009 ], [ -87.520574435210307, 19.399922489447825 ], [ -87.553869212250447, 19.427011891457763 ], [ -87.635955475523673, 19.373433901645349 ], [ -87.661199999701182, 19.260700000067498 ], [ -87.686851120590319, 19.234752418316447 ], [ -87.655191281045546, 19.181139484046163 ], [ -87.624399999626831, 19.191700000113261 ], [ -87.587264671608438, 19.264723618969231 ], [ -87.537646889426284, 19.307046712595088 ], [ -87.488789986932659, 19.32622134704382 ], [ -87.448744763462528, 19.309111376961482 ], [ -87.539623388509881, 19.199827968172198 ], [ -87.550069020852717, 19.089464302433054 ], [ -87.563555418114348, 19.067167581704204 ], [ -87.627432113825023, 18.939660740790902 ], [ -87.641702151834778, 18.861632632439026 ], [ -87.663395795756855, 18.824594901657072 ], [ -87.669349210498979, 18.763380602423005 ], [ -87.711765247283182, 18.71011204408795 ], [ -87.725230500117874, 18.66854382541063 ], [ -87.739954580960003, 18.545467499786593 ], [ -87.762308053221645, 18.494522308751037 ], [ -87.764107895293876, 18.417832483868331 ], [ -87.82113668710646, 18.328288456785085 ], [ -87.84401734510503, 18.192191010551632 ], [ -87.902425666100498, 18.142692243211201 ], [ -87.925452568715855, 18.160235812180975 ], [ -88.030298889600488, 18.160361086852301 ], [ -88.030365892421301, 18.414794293559066 ], [ -88.249633638825458, 18.415552451850903 ], [ -88.25009437498197, 18.473072286895288 ], [ -88.327619351117093, 18.4901452498674 ], [ -88.442489279284089, 18.4814014091376 ], [ -88.478307063171457, 18.493909373093448 ], [ -88.517614089646514, 18.463465209116798 ], [ -88.547205862992371, 18.355623389476094 ], [ -88.605831592653246, 18.291741053411229 ], [ -88.604686171073254, 18.241034447166399 ], [ -88.673494561132983, 18.194229730025608 ], [ -88.704974847290629, 18.132708829562258 ], [ -88.7166866164373, 18.060526313244956 ], [ -88.766934924154853, 18.016018360614829 ], [ -88.816389984421988, 17.949428028220151 ], [ -88.857702877440389, 17.924557948042153 ], [ -88.920461586210294, 17.915811186515658 ], [ -88.945272104418081, 17.952740479233153 ], [ -88.992966859422438, 17.959719828206769 ], [ -89.037520707353067, 18.005121687445083 ], [ -89.124213996000321, 17.975278350644139 ], [ -89.15195662492367, 17.940256909825425 ] ] ], [ [ [ -86.976078668014566, 20.474686234325549 ], [ -86.927488012556253, 20.55080445800974 ], [ -86.864896385843323, 20.537204946190993 ], [ -86.729788770292885, 20.570254208544217 ], [ -86.795606591850358, 20.462506096378885 ], [ -86.83058696367425, 20.438061079437055 ], [ -86.898029649405871, 20.345842739844041 ], [ -86.987593679168612, 20.271922049903388 ], [ -87.021440336654308, 20.339763800263714 ], [ -87.016994528984327, 20.411624986451336 ], [ -86.976078668014566, 20.474686234325549 ] ] ] ] } },
{ "type": "Feature", "properties": { "entidad_cvegeo": "24", "entidad_nombre": "San Luis Potosi", "entidad_ge": "SRID=6362;MULTIPOLYGON(((2640890.4534 1374316.0879,2641215.5925 1371190.7615,2641309.8996 1368534.899,2639892.1336 1362741.6951,2638095.0132 1354973.4273,2639840.9013 1354888.3808,2642943.6419 1354794.0717,2642928.6331 1354699.5536,2642525.7665 1352162.5", "entidad_si": 0 }, "geometry": { "type": "MultiPolygon", "coordinates": [ [ [ [ -98.639598044857408, 21.183140211263286 ], [ -98.691096299933918, 21.1674716329833 ], [ -98.719523289923814, 21.184158845775478 ], [ -98.768712487980963, 21.174408331413154 ], [ -98.824537145460141, 21.161248145369775 ], [ -98.903638767017242, 21.212657132583828 ], [ -98.942542018676363, 21.302655993613527 ], [ -98.944960752120508, 21.311336584792574 ], [ -99.055138496165341, 21.282538470075533 ], [ -99.121662298927575, 21.310181410244482 ], [ -99.129455517996107, 21.362046244351525 ], [ -99.092620757942683, 21.363360484401021 ], [ -99.122396621530342, 21.453415882367196 ], [ -99.129294740163488, 21.486779223765975 ], [ -99.142282205253423, 21.535439553902087 ], [ -99.130609321549869, 21.596649582124417 ], [ -99.171895502343247, 21.627031484335344 ], [ -99.188108317912679, 21.669917099511085 ], [ -99.233898342703625, 21.628786212234978 ], [ -99.279400232677688, 21.608222551236025 ], [ -99.274025786671913, 21.567797411591027 ], [ -99.307421256649363, 21.532034876520694 ], [ -99.375906847268581, 21.547930583349125 ], [ -99.371976208973507, 21.507104089294387 ], [ -99.404646170758582, 21.428926190337425 ], [ -99.471801386802682, 21.436022493168956 ], [ -99.501311736348427, 21.418543285449548 ], [ -99.549835045260735, 21.447276942285956 ], [ -99.625800790482984, 21.507301914052029 ], [ -99.660228544459144, 21.567191949229262 ], [ -99.7055759317374, 21.570739862402696 ], [ -99.746743195598242, 21.578363287025272 ], [ -99.749292259668366, 21.523173474153438 ], [ -99.777349784071163, 21.495022667736741 ], [ -99.81707411695713, 21.461690821223854 ], [ -99.867000377694097, 21.473462388437351 ], [ -99.906005384678551, 21.448136586839155 ], [ -99.942413626354963, 21.461785763901894 ], [ -99.957019313893241, 21.526219420873751 ], [ -100.062276053570159, 21.523305476389599 ], [ -100.076079771099401, 21.558057160420955 ], [ -100.18055368292066, 21.650208008396142 ], [ -100.223184085516294, 21.665634585151722 ], [ -100.277142911449829, 21.686516236365481 ], [ -100.451282031214149, 21.666349063916481 ], [ -100.471453126513495, 21.587570320548455 ], [ -100.464273921582816, 21.54316816157727 ], [ -100.533950021378985, 21.542326823577937 ], [ -100.584427737778853, 21.52230642722991 ], [ -100.657456071130184, 21.52471797665202 ], [ -100.751342182344686, 21.580603661041216 ], [ -100.857612097525717, 21.618959848245726 ], [ -100.853039695481726, 21.674289933093018 ], [ -100.902375105299683, 21.682018344106389 ], [ -100.981974366817965, 21.753527359854061 ], [ -101.059247966706366, 21.765520740882419 ], [ -101.161266982567781, 21.757505921550631 ], [ -101.217152336813299, 21.816077033220754 ], [ -101.29280526373077, 21.81389565287251 ], [ -101.365273663520355, 21.839416718617382 ], [ -101.422708060417747, 21.824965118871049 ], [ -101.496331245182716, 21.80993965886061 ], [ -101.483196236535392, 21.867680780188536 ], [ -101.410227620554281, 21.908693541639249 ], [ -101.430383993416797, 21.932298560413901 ], [ -101.360540234354161, 21.995241122342446 ], [ -101.329382304265309, 22.135605188016655 ], [ -101.341257080302441, 22.152133170536846 ], [ -101.324253161238303, 22.209893457572729 ], [ -101.370011144169865, 22.253275872033363 ], [ -101.435125416824476, 22.341533982873216 ], [ -101.381910546290499, 22.35748507975531 ], [ -101.374785755871116, 22.456458364795363 ], [ -101.313726335828079, 22.453490174046632 ], [ -101.285726383935213, 22.507855650707636 ], [ -101.3057090724933, 22.609930304848859 ], [ -101.365720218182119, 22.692019540330918 ], [ -101.411077072887849, 22.74768068949377 ], [ -101.491174795184975, 22.741924234352656 ], [ -101.497003596784765, 22.701541009324114 ], [ -101.567397998922715, 22.656776324653709 ], [ -101.573821013468788, 22.612816108828003 ], [ -101.655994412666061, 22.513813781416662 ], [ -101.746175082521518, 22.508693261838538 ], [ -101.797791858353165, 22.470090261713686 ], [ -101.799275707513672, 22.470559462193091 ], [ -101.837141049121485, 22.499692133342378 ], [ -101.819891527214736, 22.551294707838206 ], [ -101.872957708529825, 22.563073355040178 ], [ -101.853284231824745, 22.656025107584398 ], [ -101.946065457716657, 22.650410318127268 ], [ -101.948214033359889, 22.652005529783168 ], [ -102.124896873701545, 22.782952205929277 ], [ -102.19698239537685, 22.882642515164687 ], [ -102.233523863080393, 23.024937080159962 ], [ -102.260050972432992, 23.045915508567852 ], [ -102.214154637136517, 23.131319867044866 ], [ -102.240974030629843, 23.169380428277439 ], [ -102.239457704711583, 23.209493289787194 ], [ -102.289368986362874, 23.231690932241538 ], [ -102.296038410035592, 23.320501285154752 ], [ -102.253611482053216, 23.36495588894423 ], [ -102.238150306334106, 23.446901433820283 ], [ -102.193615213153592, 23.447599111142729 ], [ -102.16879912104848, 23.361025646313358 ], [ -102.12253245396991, 23.353860092517163 ], [ -102.011943837251536, 23.372748551033208 ], [ -101.775122445248869, 23.447629361450314 ], [ -101.466715904594565, 23.693661768967971 ], [ -101.340354745390371, 23.797153311806287 ], [ -101.192569808061108, 23.918563501308146 ], [ -101.209426760366412, 24.086864875115555 ], [ -101.2167463821078, 24.159731908067396 ], [ -101.173232155881834, 24.164136610170299 ], [ -101.065401530743827, 24.207021105287399 ], [ -101.012688671729578, 24.39081913728899 ], [ -100.987327053786174, 24.432519316027019 ], [ -101.009868278810856, 24.385117366021301 ], [ -101.006674631110826, 24.335834778466015 ], [ -100.945285990136313, 24.281195890155296 ], [ -100.850383082967753, 24.343538532929998 ], [ -100.742324287396755, 24.460435469152625 ], [ -100.711210093291101, 24.491521827608278 ], [ -100.603533336330131, 24.401300065914665 ], [ -100.599935527911015, 24.348791051273622 ], [ -100.633066479604352, 24.225980248986836 ], [ -100.613399889538854, 24.173944185079971 ], [ -100.516827487253806, 24.139896677904261 ], [ -100.538683254127008, 24.118516031434424 ], [ -100.523758993891164, 24.0714549495423 ], [ -100.562401609975794, 23.919641083650287 ], [ -100.539845608399332, 23.888393054115404 ], [ -100.550298688100042, 23.842202585783454 ], [ -100.528621985811867, 23.81753234759293 ], [ -100.497601727158596, 23.798712691074705 ], [ -100.497706278042244, 23.73630970272264 ], [ -100.445720123953691, 23.677331523312713 ], [ -100.477378624674145, 23.633818693791923 ], [ -100.517211328403818, 23.421042838992136 ], [ -100.457083239153448, 23.366409595796728 ], [ -100.48360785109891, 23.214045669054762 ], [ -100.479849669596561, 23.194365361073935 ], [ -100.36376430588335, 23.189005379988938 ], [ -100.374316572133864, 23.265323810973502 ], [ -100.331692530773736, 23.259092369782586 ], [ -100.278434983983317, 23.310368402207544 ], [ -100.220166453002705, 23.297931726443359 ], [ -100.228236511080127, 23.250476146162839 ], [ -100.10381336015287, 23.231535378659455 ], [ -100.118286162364242, 23.200545304426345 ], [ -100.115597267073014, 23.125989885826353 ], [ -100.06937885404929, 23.096856715987247 ], [ -100.011577694072272, 23.065602894506771 ], [ -100.099532079722479, 23.007931113014642 ], [ -100.110383624870892, 22.91671440875281 ], [ -100.044239073421053, 22.91789240752513 ], [ -100.02938419945238, 22.824393550510592 ], [ -100.097516055894516, 22.765804376726912 ], [ -100.022343265188468, 22.725924547702775 ], [ -99.959144777356101, 22.750043885775462 ], [ -99.883153708335783, 22.748238888796084 ], [ -99.842819005319825, 22.730557202826439 ], [ -99.847923574124096, 22.678435113923229 ], [ -99.724085166015556, 22.659608393052938 ], [ -99.68253545474289, 22.68112471512471 ], [ -99.560638295074384, 22.641220488374572 ], [ -99.513651633956059, 22.615061365673998 ], [ -99.494536376478706, 22.620868625991356 ], [ -99.539248895997602, 22.729138463156481 ], [ -99.477126829138086, 22.740637217975394 ], [ -99.44205287254907, 22.663615707342622 ], [ -99.385699180610175, 22.670027436417502 ], [ -99.373200469276071, 22.629077681254284 ], [ -99.329617684490771, 22.634887782455984 ], [ -99.305452646454114, 22.588605005563682 ], [ -99.26314854405291, 22.469791235421212 ], [ -99.232269893734639, 22.412625716125717 ], [ -99.11462912862352, 22.406729488622432 ], [ -99.060707309736571, 22.415286246436303 ], [ -98.931972728606922, 22.392775138433414 ], [ -98.918820389892687, 22.371421083739289 ], [ -98.910022260808702, 22.371704849065463 ], [ -98.816826653108564, 22.357396200332992 ], [ -98.751676080561154, 22.36902385578372 ], [ -98.670888155486608, 22.405673479030359 ], [ -98.681546603780561, 22.37157486817522 ], [ -98.582855657924881, 22.37305254129139 ], [ -98.579290644445578, 22.348628109799836 ], [ -98.466963789987247, 22.295758526965503 ], [ -98.34461514137756, 22.222088735459753 ], [ -98.336545018015258, 22.187693251930572 ], [ -98.416745796262774, 22.141203261397216 ], [ -98.438248460724708, 22.114754860991283 ], [ -98.443548991168299, 22.032981746813434 ], [ -98.468614581486889, 21.966204817209924 ], [ -98.520383738359982, 21.97892320686573 ], [ -98.562169834565069, 21.967550734433384 ], [ -98.579028890391058, 21.959904479518727 ], [ -98.53467838813404, 21.906435134378523 ], [ -98.518479412071343, 21.831446678366088 ], [ -98.488215441505773, 21.83756930964184 ], [ -98.454716575302228, 21.766738330221635 ], [ -98.558255472125055, 21.687671863343617 ], [ -98.61921063240554, 21.671345709042264 ], [ -98.618161363100214, 21.578830888430559 ], [ -98.601957038638929, 21.543432230980205 ], [ -98.532255856615123, 21.501139523280173 ], [ -98.504348744407579, 21.389362567283722 ], [ -98.603340277715176, 21.357946073933395 ], [ -98.644046653266031, 21.366539467955185 ], [ -98.671014607323229, 21.324955077735144 ], [ -98.599131460384896, 21.292050413077224 ], [ -98.609120639435602, 21.20099896451217 ], [ -98.639598044857408, 21.183140211263286 ] ] ] ] } },
{ "type": "Feature", "properties": { "entidad_cvegeo": "25", "entidad_nombre": "Sinaloa", "entidad_ge": "SRID=6362;MULTIPOLYGON(((2050677.4897 1245244.5688,2050669.3642 1245243.8141,2050658.9773 1245245.6532,2050653.2651 1245249.4775,2050648.7659 1245255.8229,2050647.0883 1245264.1926,2050647.3634 1245269.9828,2050649.2838 1245277.2434,2050651.7465 1245278.", "entidad_si": 0 }, "geometry": { "type": "MultiPolygon", "coordinates": [ [ [ [ -105.494938594072352, 22.810616230083934 ], [ -105.523194769471928, 22.77307532096096 ], [ -105.522893459668197, 22.72433479897008 ], [ -105.498063846047373, 22.651390756332688 ], [ -105.463963102947531, 22.659238302674986 ], [ -105.434625533850905, 22.549984195670469 ], [ -105.460836806444405, 22.508568103123466 ], [ -105.539934774934011, 22.535593338209374 ], [ -105.598288230140355, 22.536671131356542 ], [ -105.631408635385782, 22.588753771988177 ], [ -105.682200251394661, 22.572121050262137 ], [ -105.700442062863104, 22.558455900605146 ], [ -105.67110577880203, 22.48156241806495 ], [ -105.701187252368285, 22.467690181509273 ], [ -105.758295242903372, 22.537676969444764 ], [ -105.802898995749942, 22.627830585249885 ], [ -105.843917478464306, 22.680576775330202 ], [ -105.934318455767482, 22.76674497284375 ], [ -105.997996196315341, 22.813114755818532 ], [ -106.034490979166335, 22.829713245842274 ], [ -106.174787960286352, 22.991707902218153 ], [ -106.257894770630159, 23.068443206417673 ], [ -106.386811775692109, 23.177746801317866 ], [ -106.466504888116091, 23.260608467501783 ], [ -106.480792302257612, 23.325733035053045 ], [ -106.523907981139871, 23.385076216713596 ], [ -106.61836928582305, 23.473507617436287 ], [ -106.693899999500616, 23.567799999120449 ], [ -106.810081080624812, 23.651722428650906 ], [ -106.796527145887183, 23.68411317693915 ], [ -106.861925137357005, 23.774346729677454 ], [ -106.890899999565022, 23.838799999177617 ], [ -107.01159999980365, 23.952799999132523 ], [ -107.116138963291178, 24.03736004940821 ], [ -107.193991927756755, 24.102000177051615 ], [ -107.407482196744496, 24.233560696177861 ], [ -107.475009808228762, 24.292200289092445 ], [ -107.747112313804351, 24.465532067432719 ], [ -107.795694613066573, 24.485473144264546 ], [ -107.823132862084861, 24.522419192022134 ], [ -107.844548579755454, 24.555291473059931 ], [ -107.999163395536797, 24.652871100006724 ], [ -108.023213025485262, 24.73628677813878 ], [ -108.069911265208731, 24.785141026925618 ], [ -108.121758232930503, 24.829477977111651 ], [ -108.136211818129098, 24.871684753897714 ], [ -108.219224436451597, 25.00824194724628 ], [ -108.2869313067973, 25.077094526516962 ], [ -108.327568810467895, 25.101504263373982 ], [ -108.357452878729944, 25.169193837706324 ], [ -108.383667338917377, 25.186664476503196 ], [ -108.435076628686573, 25.243602163090397 ], [ -108.495668846245138, 25.282567118588076 ], [ -108.652110441833798, 25.344172505655241 ], [ -108.798074335290309, 25.369623807246441 ], [ -108.911200000623495, 25.420599998889074 ], [ -109.02655357822691, 25.444378692434761 ], [ -109.119223126651093, 25.544999312804432 ], [ -109.162933341783642, 25.560825791577802 ], [ -109.225464294239814, 25.626089508682359 ], [ -109.329121335249695, 25.647322501492742 ], [ -109.393437378842989, 25.637259400539524 ], [ -109.409649356765144, 25.754751902997484 ], [ -109.433603334512284, 25.809409391426922 ], [ -109.421132869629616, 25.89389349320086 ], [ -109.447692603181068, 25.948987965632945 ], [ -109.40831598042746, 26.058497685129321 ], [ -109.344255765295642, 26.146622433091263 ], [ -109.258324138366916, 26.319928432736639 ], [ -109.192637398812209, 26.340412575154197 ], [ -109.130930427138054, 26.297435295838444 ], [ -109.006373473460059, 26.40239352678762 ], [ -108.949835995620035, 26.39220235101612 ], [ -108.837795060767377, 26.476857108164619 ], [ -108.891362960252451, 26.489854056221599 ], [ -108.873152154473743, 26.551071426845922 ], [ -108.734292892021614, 26.593568084877553 ], [ -108.678830732236122, 26.587015085956022 ], [ -108.663640514793542, 26.658002823037499 ], [ -108.630366359955786, 26.676573448080507 ], [ -108.628384992651362, 26.718387129328846 ], [ -108.536912090086304, 26.798428710342339 ], [ -108.533118036956964, 26.844393538020874 ], [ -108.466977677142125, 26.970701848150032 ], [ -108.502486120161421, 26.987357031695915 ], [ -108.470137292504148, 27.034664687002032 ], [ -108.421178128287224, 27.021197340918235 ], [ -108.317475906954058, 27.034111127031348 ], [ -108.281605369442104, 27.01316551572242 ], [ -108.242940569574216, 27.042047993128161 ], [ -108.181542870963639, 27.003195636086968 ], [ -108.232056490222547, 26.961083731055552 ], [ -108.230236900026924, 26.905724580463399 ], [ -108.139600454697387, 26.89547949864097 ], [ -108.094107248688488, 26.870463674570097 ], [ -108.036831217035783, 26.810075235847727 ], [ -108.005700733534752, 26.761048799034072 ], [ -108.006785490280521, 26.705531343873666 ], [ -108.064646275359109, 26.647370500694461 ], [ -108.036343438982883, 26.619110287011541 ], [ -107.957265307133497, 26.493743954347682 ], [ -107.999370062986586, 26.44844829871635 ], [ -108.012797016014744, 26.439048057860585 ], [ -107.899805617853048, 26.286709411019807 ], [ -107.856264569018293, 26.226035120911387 ], [ -107.854018502668325, 26.196519391965236 ], [ -107.789390412966625, 26.168812869048409 ], [ -107.78069046471731, 26.136937591053751 ], [ -107.713523939229034, 26.172455615099366 ], [ -107.63534625389741, 26.15465789663487 ], [ -107.589434696660291, 26.169927540549523 ], [ -107.543277404920417, 26.146348936299386 ], [ -107.520019987590388, 26.104227176833486 ], [ -107.463199377889779, 26.136548568170184 ], [ -107.416118233922248, 26.141220245339177 ], [ -107.304889798467514, 26.076402432190225 ], [ -107.276346263045951, 26.001976534413565 ], [ -107.296128214087048, 25.924793407151864 ], [ -107.059327717436517, 25.758213890969426 ], [ -107.046899606947093, 25.700579200770914 ], [ -106.994324524864325, 25.662232594528724 ], [ -106.973290456038654, 25.629570437186871 ], [ -107.10998841707746, 25.560556463669645 ], [ -107.170069909976903, 25.55954680952058 ], [ -107.147684236100588, 25.505027213893317 ], [ -107.158579628858831, 25.442166245969645 ], [ -107.210132227248067, 25.41710050851934 ], [ -107.148340253043202, 25.259158854260054 ], [ -107.124918549167901, 25.186639836486876 ], [ -107.129891635397001, 25.053138794573609 ], [ -107.067398994705073, 25.03015520753997 ], [ -107.018343908306562, 24.933617363775575 ], [ -106.885998398896106, 24.826351189735259 ], [ -106.86101517850993, 24.818357735102939 ], [ -106.705948366653544, 24.665261655610671 ], [ -106.683608605412417, 24.598530470529287 ], [ -106.624775002098644, 24.500236051023585 ], [ -106.560015802054096, 24.47271060935206 ], [ -106.601588304723435, 24.414565845904477 ], [ -106.534088918253858, 24.309547791755609 ], [ -106.508302898334023, 24.29087214599582 ], [ -106.469654665608346, 24.277856956182823 ], [ -106.363013264065529, 24.304172503843777 ], [ -106.327848253866136, 24.361062994534489 ], [ -106.268869407713296, 24.374755287398887 ], [ -106.152539617518329, 24.33877037475342 ], [ -106.074539535720803, 24.269422092767005 ], [ -105.989077228883161, 24.107997674509779 ], [ -106.007908195487403, 24.071757127043611 ], [ -105.908461579811615, 23.983426634844992 ], [ -105.899919396785592, 23.943921285250255 ], [ -105.858520743090637, 23.901744846434926 ], [ -105.86724132918043, 23.875242982742968 ], [ -105.953661987504063, 23.908584592088893 ], [ -105.951880702598572, 23.819649581607926 ], [ -105.926667688303652, 23.761522349619533 ], [ -105.926633761296785, 23.684135659835015 ], [ -105.908905361906093, 23.588269552272973 ], [ -105.811643896733926, 23.611028555445543 ], [ -105.794909604002726, 23.580053327602414 ], [ -105.751037558912628, 23.500274991200353 ], [ -105.738392058440098, 23.44463824836253 ], [ -105.700320844944727, 23.419685870015947 ], [ -105.718035235218593, 23.368529472178221 ], [ -105.684809742759057, 23.285742113793436 ], [ -105.643208398253208, 23.276479085001888 ], [ -105.629712524955792, 23.202294527372892 ], [ -105.645259442744276, 23.143696081235152 ], [ -105.597640860737201, 23.109149607714098 ], [ -105.537073983507582, 23.10454106974607 ], [ -105.501978155635001, 23.128011636706194 ], [ -105.415892357870561, 23.116897342659062 ], [ -105.392245390400106, 23.084081987629219 ], [ -105.412996495025567, 23.074099201946993 ], [ -105.453311346323304, 22.977401795804358 ], [ -105.501263928022141, 22.958560041302242 ], [ -105.4712199101875, 22.883285955447647 ], [ -105.494938594072352, 22.810616230083934 ] ] ] ] } },
{ "type": "Feature", "properties": { "entidad_cvegeo": "26", "entidad_nombre": "Sonora", "entidad_ge": "SRID=6362;MULTIPOLYGON(((1621363.0796 1783430.4677,1621346.512 1783429.232,1621323.7815 1783438.3794,1621321.4042 1783446.79,1621324.5881 1783455.258,1621328.2069 1783465.943,1621332.1719 1783475.5945,1621338.9733 1783484.1697,1621349.5989 1783502.9153,1", "entidad_si": 0 }, "geometry": { "type": "MultiPolygon", "coordinates": [ [ [ [ -108.919750756561669, 27.870944551781495 ], [ -108.869140211006567, 27.839286334810005 ], [ -108.91046413825056, 27.809135754635939 ], [ -108.915143474277315, 27.775679198190847 ], [ -108.895515642597701, 27.744807098760337 ], [ -108.832963777123695, 27.744349563213476 ], [ -108.766024787700417, 27.705833565169002 ], [ -108.739852380168003, 27.599954587826321 ], [ -108.712807715192497, 27.566246479004338 ], [ -108.655277068620649, 27.543797433180483 ], [ -108.661648402233354, 27.46474435540485 ], [ -108.591045125971917, 27.318080477250763 ], [ -108.664375498257172, 27.239395829804053 ], [ -108.644320157279978, 27.178811154295268 ], [ -108.611426705388098, 27.154144748179856 ], [ -108.602276046257401, 27.036943274654252 ], [ -108.551763431224941, 26.997145299694683 ], [ -108.502486120161421, 26.987357031695915 ], [ -108.466977677142125, 26.970701848150032 ], [ -108.533118036956964, 26.844393538020874 ], [ -108.536912090086304, 26.798428710342339 ], [ -108.628384992651362, 26.718387129328846 ], [ -108.630366359955786, 26.676573448080507 ], [ -108.663640514793542, 26.658002823037499 ], [ -108.678830732236122, 26.587015085956022 ], [ -108.734292892021614, 26.593568084877553 ], [ -108.873152154473743, 26.551071426845922 ], [ -108.891362960252451, 26.489854056221599 ], [ -108.837795060767377, 26.476857108164619 ], [ -108.949835995620035, 26.39220235101612 ], [ -109.006373473460059, 26.40239352678762 ], [ -109.130930427138054, 26.297435295838444 ], [ -109.192637398812209, 26.340412575154197 ], [ -109.258324138366916, 26.319928432736639 ], [ -109.252029432170232, 26.412233456327755 ], [ -109.264264160476714, 26.491602812203368 ], [ -109.311562084155611, 26.567078932746107 ], [ -109.415841886889638, 26.661880976947863 ], [ -109.619845956182814, 26.69554065125201 ], [ -109.687501483881562, 26.676212483304624 ], [ -109.767274754096704, 26.70714723400053 ], [ -109.834671559157144, 26.767088612625567 ], [ -109.884909532564407, 26.905564486356642 ], [ -109.942986157513161, 26.989390667885562 ], [ -109.93985678100114, 27.009339920979411 ], [ -109.941670851449985, 27.017963630969174 ], [ -109.986504535396136, 27.06454991431352 ], [ -110.089081269000388, 27.102455418376568 ], [ -110.217123707091829, 27.133947141064358 ], [ -110.332029474450792, 27.172311194328309 ], [ -110.422041348262155, 27.260123666201579 ], [ -110.495242065995029, 27.289280094210508 ], [ -110.591695204519695, 27.307371896623927 ], [ -110.606099999658497, 27.34680000023878 ], [ -110.587795952281752, 27.516509615706056 ], [ -110.625482905220423, 27.637542987675442 ], [ -110.600900000156514, 27.700499999918044 ], [ -110.616400000265088, 27.793999999892897 ], [ -110.588199999694112, 27.831299999679729 ], [ -110.520819094899409, 27.842417009424899 ], [ -110.591357920544667, 27.884810183998276 ], [ -110.679368529510882, 27.88991249713813 ], [ -110.811859130132405, 27.923635466522491 ], [ -110.827650786851095, 27.954304274740728 ], [ -110.89056396705837, 27.920369634764178 ], [ -110.947672685325117, 27.911448158939258 ], [ -110.980393932579716, 27.955901395919025 ], [ -111.021120126937461, 27.963248477012666 ], [ -111.092053103674459, 27.941054970007983 ], [ -111.119392500375398, 27.976920539863688 ], [ -111.175707201011519, 27.994520073261189 ], [ -111.211873808105167, 28.041971320745333 ], [ -111.280764363756774, 28.089794683407536 ], [ -111.385683667025432, 28.256927229190932 ], [ -111.451271033755049, 28.308711476075054 ], [ -111.458865389032695, 28.360516611046052 ], [ -111.492016001432589, 28.387058195024284 ], [ -111.651616487478407, 28.445373690889333 ], [ -111.712268600246503, 28.4589877687011 ], [ -111.775737347694161, 28.608672262495812 ], [ -111.925526812943971, 28.719034825739783 ], [ -111.914630004241971, 28.790153995885319 ], [ -111.982551804676405, 28.84828069885971 ], [ -112.030994193802286, 28.859199163126643 ], [ -112.047798651112601, 28.899284283016559 ], [ -112.150465898356174, 28.994230099964248 ], [ -112.167850276079733, 29.024705085610933 ], [ -112.165137659025959, 29.114872349948772 ], [ -112.202857561174724, 29.178700017777636 ], [ -112.230002847638673, 29.179847542765316 ], [ -112.210553489345685, 29.259139989581502 ], [ -112.240907102214919, 29.316852433172112 ], [ -112.276134174405897, 29.3317011722948 ], [ -112.340846099935263, 29.318138882532388 ], [ -112.402791080437581, 29.337358190994134 ], [ -112.420988291592934, 29.374612833748564 ], [ -112.380692090915076, 29.454622382747957 ], [ -112.394918119219511, 29.502962839939002 ], [ -112.475705202512188, 29.589431567371879 ], [ -112.552236212812019, 29.697084023896657 ], [ -112.58062284971048, 29.711814390228824 ], [ -112.605994993862979, 29.778936299713166 ], [ -112.651799351508245, 29.834682681676941 ], [ -112.680178778547074, 29.903029016642076 ], [ -112.747808677089466, 29.91664118178441 ], [ -112.733102107991087, 30.000552584590643 ], [ -112.760967374463277, 30.06021807127399 ], [ -112.752653825625316, 30.167957466352782 ], [ -112.775871346626388, 30.225725559902422 ], [ -112.853350678277778, 30.278593873954097 ], [ -112.857538878859458, 30.398028128183142 ], [ -112.899089534095594, 30.461403151765218 ], [ -112.987631428597268, 30.536085792789269 ], [ -113.077787457332519, 30.667445595832874 ], [ -113.126832991258325, 30.810476776158115 ], [ -113.100896779161829, 30.891851424024313 ], [ -113.096829426393299, 30.95131426193878 ], [ -113.090244985171651, 31.004977849807229 ], [ -113.058955678325987, 31.072349889793138 ], [ -113.101509256025068, 31.189443840490753 ], [ -113.189079557891915, 31.222760682718366 ], [ -113.353622151579344, 31.265092799764226 ], [ -113.537253155220569, 31.296104402237397 ], [ -113.60884012403136, 31.359896001845083 ], [ -113.638093456227068, 31.477325155395764 ], [ -113.688751481698716, 31.519338479973236 ], [ -113.810074987087887, 31.566995781910563 ], [ -113.852479331848215, 31.595398690016683 ], [ -113.934400000047603, 31.603099999953855 ], [ -113.991053087366879, 31.540362980988089 ], [ -113.990649099154822, 31.53081308364558 ], [ -114.005985057139114, 31.523827478421087 ], [ -114.025500000260507, 31.492800000390702 ], [ -114.147670875242142, 31.494204512451539 ], [ -114.271475684589106, 31.543405877449352 ], [ -114.337918445539515, 31.600415452985061 ], [ -114.491743396572957, 31.675678939494009 ], [ -114.592217248819821, 31.756470129295852 ], [ -114.692801826704354, 31.763121216913646 ], [ -114.756685323262047, 31.816402324396531 ], [ -114.806877650612606, 31.816680133091221 ], [ -114.843185741114311, 31.863553822271964 ], [ -114.906743659586994, 31.867304172116548 ], [ -114.96548456759021, 31.918423881625685 ], [ -114.957005006124334, 32.038636185843643 ], [ -114.989736335766139, 32.146377642509051 ], [ -114.975318248181892, 32.177995474246103 ], [ -115.053022327617668, 32.245174016624304 ], [ -115.042720494296319, 32.270066367479011 ], [ -114.965633626298882, 32.341029427953515 ], [ -114.960859724604944, 32.410686367548728 ], [ -114.931570400285764, 32.441066083655947 ], [ -114.934996576942808, 32.481874677821537 ], [ -114.813572764280963, 32.493913161925988 ], [ -114.48627070139716, 32.395688799579624 ], [ -113.950104775047663, 32.231566845044362 ], [ -113.576528871421019, 32.115291472794723 ], [ -113.436922844702352, 32.071463557125831 ], [ -113.210205189017969, 31.999977440103407 ], [ -112.694977282874333, 31.842521653069511 ], [ -112.345647522091426, 31.734966533590338 ], [ -112.119665500758401, 31.664664007944808 ], [ -111.656725075660361, 31.518554799450108 ], [ -111.21387939198074, 31.37713759315 ], [ -111.075002009672403, 31.332569459232051 ], [ -110.700739482248679, 31.333263527920501 ], [ -110.339279242183466, 31.333372098313284 ], [ -109.746521302898984, 31.334132255734101 ], [ -109.312362741800641, 31.334188285214719 ], [ -108.755916145398714, 31.332419011745415 ], [ -108.817231435273257, 31.239005658952497 ], [ -108.879812473581751, 31.238785938227089 ], [ -108.835012348258161, 31.169334704603465 ], [ -108.845640057726044, 31.135576223027414 ], [ -108.769996859202308, 31.102471824812774 ], [ -108.76381578296342, 31.072411459759987 ], [ -108.684386684109612, 31.033739540895731 ], [ -108.683807441740768, 31.005973328935063 ], [ -108.803255460614039, 31.004829266107219 ], [ -108.80239257376094, 30.904101002351211 ], [ -108.939242732271779, 30.907565165572997 ], [ -108.930951887114006, 30.866486654693468 ], [ -108.93545680122368, 30.773631265409605 ], [ -108.866925241724829, 30.689386626596537 ], [ -108.874398481778897, 30.623547906669309 ], [ -108.83064742335786, 30.601733020000829 ], [ -108.727439493730742, 30.580476908192203 ], [ -108.661972902529499, 30.521941890120363 ], [ -108.664771872536718, 30.468151644166522 ], [ -108.648652252324567, 30.416864716071782 ], [ -108.542199017207977, 30.283512166897665 ], [ -108.620217625923985, 30.298229730117018 ], [ -108.617572942629465, 30.235977239494709 ], [ -108.610598200734259, 30.042364184102844 ], [ -108.628528600990251, 29.953422314849636 ], [ -108.615751383660623, 29.883518384557068 ], [ -108.629444182677418, 29.806273844985224 ], [ -108.541258774789924, 29.796137848584465 ], [ -108.534964277716213, 29.751364504880645 ], [ -108.592534382939434, 29.717645729513073 ], [ -108.659098953167401, 29.716127400811299 ], [ -108.618280029319408, 29.660525438579029 ], [ -108.644657150369184, 29.627549215819418 ], [ -108.638324200104151, 29.558318838263489 ], [ -108.662309131040388, 29.544481654614732 ], [ -108.643986317013358, 29.488839505640819 ], [ -108.717753867095936, 29.465953828634557 ], [ -108.669732917564758, 29.307416923940302 ], [ -108.682208576569252, 29.267429813626659 ], [ -108.730302401727954, 29.269093611599381 ], [ -108.753869491415983, 29.200098056487462 ], [ -108.698528203324344, 29.127739564502694 ], [ -108.729589521783112, 29.096532698391183 ], [ -108.687129664276611, 28.875650252287155 ], [ -108.643294422453422, 28.765067556421453 ], [ -108.58378520739609, 28.740139377119689 ], [ -108.583824530389407, 28.716315959423778 ], [ -108.580151203441105, 28.632446340104032 ], [ -108.551625022692392, 28.577774030491081 ], [ -108.53128684597587, 28.556668581828955 ], [ -108.515541405773462, 28.42628431685317 ], [ -108.479701011367979, 28.369551057543418 ], [ -108.550927844390046, 28.318055450484795 ], [ -108.603507430840438, 28.347561908732974 ], [ -108.635485974451342, 28.306256104545252 ], [ -108.687225105767169, 28.303462487898852 ], [ -108.750983881769571, 28.271569346777561 ], [ -108.961412707319056, 28.262004205115989 ], [ -108.987534045822699, 28.278027291046218 ], [ -109.074886167957558, 28.272609408030391 ], [ -109.065761318446846, 28.182616418710232 ], [ -109.071705619922369, 28.150307491403328 ], [ -109.031899613898148, 28.01828803209289 ], [ -108.978395116937421, 27.978752133552817 ], [ -108.926511023795356, 27.940594232861816 ], [ -108.919750756561669, 27.870944551781495 ] ] ], [ [ [ -112.55420520860838, 28.730948473804091 ], [ -112.553324019950921, 28.674383982192055 ], [ -112.599005882045802, 28.672722170749832 ], [ -112.613542888446318, 28.72486287701356 ], [ -112.55420520860838, 28.730948473804091 ] ] ], [ [ [ -112.291837190493595, 29.226275700537084 ], [ -112.272320355911674, 29.204635675720532 ], [ -112.274377610428033, 29.136796616085345 ], [ -112.235353183483952, 29.096140173473685 ], [ -112.202367016971863, 29.014904539003567 ], [ -112.239553629003666, 28.871748054615761 ], [ -112.277223501776348, 28.804067818872621 ], [ -112.276637738699279, 28.769549734122325 ], [ -112.38301923508655, 28.775694625621924 ], [ -112.406835113133297, 28.799479669939601 ], [ -112.543642659941781, 28.854860266904851 ], [ -112.563932406027561, 28.888135352078564 ], [ -112.507210995254582, 28.924475073597062 ], [ -112.486699250361795, 28.96126743832793 ], [ -112.505796822425054, 29.013882409354725 ], [ -112.487883341192259, 29.129927001101336 ], [ -112.45186877021041, 29.197912810597469 ], [ -112.400042694079119, 29.189433830133488 ], [ -112.360984008692228, 29.219551498019349 ], [ -112.291837190493595, 29.226275700537084 ] ] ] ] } },
{ "type": "Feature", "properties": { "entidad_cvegeo": "27", "entidad_nombre": "Tabasco", "entidad_ge": "SRID=6362;MULTIPOLYGON(((3505265.7995 767356.609000001,3505486.0995 766967.641800001,3505794.9362 766503.501200002,3506047.176 766217.245099999,3506305.34 765910.8904,3506525.64 765652.726399999,3506645.7983 765458.5348,3506838.2587 765166.763599999,3506", "entidad_si": 0 }, "geometry": { "type": "MultiPolygon", "coordinates": [ [ [ [ -93.298237642302425, 17.947362069149552 ], [ -93.340766735061152, 17.923640225615223 ], [ -93.343111879585706, 17.787516682506425 ], [ -93.382317580002308, 17.749875745000413 ], [ -93.354276096963687, 17.712717481060523 ], [ -93.360486817850415, 17.665116240073239 ], [ -93.416308876400549, 17.59804604907691 ], [ -93.482634716140495, 17.551419774793338 ], [ -93.514022348600889, 17.486344393398713 ], [ -93.51544149609208, 17.440333187828411 ], [ -93.554131723172645, 17.388198398744318 ], [ -93.607939808903694, 17.314930013942909 ], [ -93.691754833917742, 17.390465357818961 ], [ -93.63513511576123, 17.451247024987573 ], [ -93.621540310697895, 17.544650526597739 ], [ -93.737889807903926, 17.631925494470355 ], [ -93.767962225679298, 17.687325778572003 ], [ -93.865073825835097, 17.721063685721774 ], [ -93.871487209243341, 17.752950342206567 ], [ -93.938374009577885, 17.752468032950691 ], [ -93.978523020983104, 17.851651158767055 ], [ -94.029795559017572, 17.846614275088292 ], [ -94.083430748405689, 17.869868488063922 ], [ -94.090154492114124, 17.968256962334603 ], [ -94.064246038263349, 18.002338361755928 ], [ -94.101089825131666, 18.130627144739005 ], [ -94.094049425513489, 18.158452127100919 ], [ -94.129756257611675, 18.198741388335623 ], [ -94.130025163867046, 18.212851200388023 ], [ -93.856947702901181, 18.29871965215408 ], [ -93.58551981750783, 18.392095070974232 ], [ -93.52649949633404, 18.407608732296719 ], [ -93.395555130315074, 18.433595014224167 ], [ -93.096648343791344, 18.442767013301854 ], [ -93.015744721088339, 18.431142493964476 ], [ -92.924139642572015, 18.43766457006809 ], [ -92.810263361121173, 18.477447116685902 ], [ -92.746373117639351, 18.529605348232504 ], [ -92.687672043554713, 18.619289176381322 ], [ -92.645228442441493, 18.611408155268364 ], [ -92.468790021779924, 18.650964953170362 ], [ -92.46574504836488, 18.616563410705723 ], [ -92.428408623042529, 18.562082318056721 ], [ -92.414051725992124, 18.487291751200488 ], [ -92.331575087530055, 18.460299675222405 ], [ -92.17614773531902, 18.458233221447195 ], [ -92.171357556580759, 18.33895430488851 ], [ -92.179257071124056, 18.268665793535618 ], [ -92.148937516992532, 18.21040607288236 ], [ -92.160902995643312, 18.155424168221305 ], [ -92.108281459633787, 18.093806808451866 ], [ -92.041661117930218, 18.09807655068996 ], [ -92.014428731737212, 18.052613329649709 ], [ -91.966747700290327, 18.015988439815192 ], [ -91.909722674251739, 18.013786307420833 ], [ -91.867207853907999, 17.98326635250589 ], [ -91.804644217478454, 17.972550514607015 ], [ -91.771185271796526, 17.944366925360825 ], [ -91.738693842289905, 17.936182524066556 ], [ -91.671942045770379, 17.894661395371294 ], [ -91.61962488109755, 17.919189619415597 ], [ -91.610955063302512, 18.094980113218856 ], [ -91.552761063340213, 18.158176228639736 ], [ -91.503875574749472, 18.117312650920464 ], [ -91.43828032620425, 18.084481043972445 ], [ -91.328291066264654, 18.062804187383946 ], [ -91.217683276498278, 17.975078470709452 ], [ -91.120200313977833, 17.963375255671981 ], [ -90.987951715943097, 17.962545041854383 ], [ -90.987639510835507, 17.815473446310673 ], [ -90.987849448554712, 17.423097504353969 ], [ -90.987459199783629, 17.251024892013074 ], [ -91.439696860631599, 17.250966882988109 ], [ -91.425180871679899, 17.302305303526719 ], [ -91.385044609507247, 17.32025222563535 ], [ -91.505004764198901, 17.39948244331244 ], [ -91.558793538013191, 17.400529584012602 ], [ -91.620167108823651, 17.431662296145596 ], [ -91.682131319552184, 17.469493535003178 ], [ -91.634715152386093, 17.533174537498205 ], [ -91.662191782442434, 17.608562858876642 ], [ -91.658544124997675, 17.674809626154708 ], [ -91.821207511238924, 17.731786001596021 ], [ -91.791900383901449, 17.750793889144997 ], [ -91.788195037019477, 17.807437060367608 ], [ -91.781872940271199, 17.854288222185911 ], [ -91.814503017198646, 17.900493061923079 ], [ -91.891150884868551, 17.887049131689345 ], [ -91.99128973588688, 17.919612303080168 ], [ -92.139873875759733, 17.809788896341097 ], [ -92.151708171743266, 17.764568875248699 ], [ -92.171950188614602, 17.786567851847874 ], [ -92.230696979356139, 17.74412497695176 ], [ -92.274622885393697, 17.692258052499092 ], [ -92.337347265048663, 17.712089627744305 ], [ -92.349202094772551, 17.656391547142579 ], [ -92.350673706627433, 17.617934062801194 ], [ -92.435769763185363, 17.570232929140545 ], [ -92.479452748242423, 17.574914688610818 ], [ -92.56307335808836, 17.545737821018299 ], [ -92.594181907063088, 17.492433579606914 ], [ -92.659271869488947, 17.444618833992632 ], [ -92.677702735079123, 17.379988613658274 ], [ -92.735568897874259, 17.347134136226686 ], [ -92.753570099031748, 17.3434012117959 ], [ -92.767290385905014, 17.383404418192523 ], [ -92.819630838873138, 17.432745958494834 ], [ -92.833532913755604, 17.482043897356728 ], [ -92.88735617404015, 17.510463542453618 ], [ -92.920613446486371, 17.502679003713336 ], [ -92.955680511165284, 17.48865534561175 ], [ -93.004305736607009, 17.555198909341343 ], [ -93.040525335185507, 17.609828150925811 ], [ -93.041805527387552, 17.687329480269625 ], [ -93.057176042942558, 17.723655790706534 ], [ -93.033452496990364, 17.770241876538353 ], [ -93.012857482613839, 17.798931907379117 ], [ -93.043126306520506, 17.842577305749987 ], [ -93.115640750855903, 17.822212625576729 ], [ -93.131800316472123, 17.85231641686639 ], [ -93.104975037166852, 17.907419323250235 ], [ -93.218547331347565, 17.95603047505465 ], [ -93.281336290616721, 17.98149941802539 ], [ -93.298237642302425, 17.947362069149552 ] ] ] ] } },
{ "type": "Feature", "properties": { "entidad_cvegeo": "28", "entidad_nombre": "Tamaulipas", "entidad_ge": "SRID=6362;MULTIPOLYGON(((2723715.071 1736696.2337,2723821.9471 1736562.7103,2723864.3849 1736454.2541,2723884.2677 1736385.9357,2723899.3874 1736316.4166,2723898.1814 1736249.7559,2723930.3055 1736120.0322,2723953.0886 1735919.1354,2723966.2056 1735859.7", "entidad_si": 0 }, "geometry": { "type": "MultiPolygon", "coordinates": [ [ [ [ -97.836380672021491, 22.230139441033682 ], [ -97.89496246108088, 22.222378439342517 ], [ -97.956707609572746, 22.293892371190459 ], [ -97.970405423761378, 22.33289778633954 ], [ -98.028472109976178, 22.358392096931297 ], [ -98.077098222688107, 22.351640730936815 ], [ -98.112034428445256, 22.393759513217468 ], [ -98.188987523375147, 22.425339446104125 ], [ -98.208827762469951, 22.46476236347781 ], [ -98.277621434304166, 22.448948967196834 ], [ -98.291664510680704, 22.467798557011442 ], [ -98.354084939115864, 22.389584992346919 ], [ -98.387809202399751, 22.389284385655067 ], [ -98.443723475143713, 22.431327915510742 ], [ -98.490639088186967, 22.427474497290607 ], [ -98.589518137597267, 22.394731593903014 ], [ -98.670888155486608, 22.405673479030359 ], [ -98.751676080561154, 22.36902385578372 ], [ -98.816826653108564, 22.357396200332992 ], [ -98.910022260808702, 22.371704849065463 ], [ -98.918820389892687, 22.371421083739289 ], [ -98.931972728606922, 22.392775138433414 ], [ -99.060707309736571, 22.415286246436303 ], [ -99.11462912862352, 22.406729488622432 ], [ -99.232269893734639, 22.412625716125717 ], [ -99.26314854405291, 22.469791235421212 ], [ -99.305452646454114, 22.588605005563682 ], [ -99.329617684490771, 22.634887782455984 ], [ -99.373200469276071, 22.629077681254284 ], [ -99.385699180610175, 22.670027436417502 ], [ -99.44205287254907, 22.663615707342622 ], [ -99.477126829138086, 22.740637217975394 ], [ -99.539248895997602, 22.729138463156481 ], [ -99.494536376478706, 22.620868625991356 ], [ -99.513651633956059, 22.615061365673998 ], [ -99.560638295074384, 22.641220488374572 ], [ -99.68253545474289, 22.68112471512471 ], [ -99.724085166015556, 22.659608393052938 ], [ -99.847923574124096, 22.678435113923229 ], [ -99.842819005319825, 22.730557202826439 ], [ -99.883153708335783, 22.748238888796084 ], [ -99.959144777356101, 22.750043885775462 ], [ -100.022343265188468, 22.725924547702775 ], [ -100.097516055894516, 22.765804376726912 ], [ -100.02938419945238, 22.824393550510592 ], [ -100.044239073421053, 22.91789240752513 ], [ -100.110383624870892, 22.91671440875281 ], [ -100.099532079722479, 23.007931113014642 ], [ -100.011577694072272, 23.065602894506771 ], [ -100.06937885404929, 23.096856715987247 ], [ -100.115597267073014, 23.125989885826353 ], [ -100.118286162364242, 23.200545304426345 ], [ -100.10381336015287, 23.231535378659455 ], [ -100.078041130273931, 23.305983910310989 ], [ -100.144950219012017, 23.339515185597314 ], [ -100.080261432139963, 23.395748200511633 ], [ -99.982502481422344, 23.392367260723478 ], [ -99.921253407246695, 23.379191334280144 ], [ -99.947698428729666, 23.497172422777357 ], [ -99.961187625110398, 23.556889769333431 ], [ -99.882847305565392, 23.723577607553917 ], [ -99.860659978369682, 23.774462493645757 ], [ -99.805518909010544, 23.7842979183492 ], [ -99.659943436963374, 23.770707919117285 ], [ -99.576680851484326, 23.77546206369972 ], [ -99.493791074829588, 23.878692986351211 ], [ -99.467414213681351, 23.869513096851428 ], [ -99.486939857452796, 23.960500609912977 ], [ -99.54091206107698, 23.997271636236192 ], [ -99.570901711399813, 24.039366902398417 ], [ -99.657080623203399, 24.117996577553722 ], [ -99.649302159345424, 24.206968025570774 ], [ -99.594289737510636, 24.330913211267273 ], [ -99.589931100095299, 24.396142370234067 ], [ -99.617287259722531, 24.463995581931052 ], [ -99.636379318369578, 24.506670241449307 ], [ -99.719803866550237, 24.483710436519239 ], [ -99.732977768025378, 24.553990781940414 ], [ -99.609448587003058, 24.622490076317099 ], [ -99.512827809936013, 24.634481449929883 ], [ -99.500021309187815, 24.681099684904602 ], [ -99.450482854544887, 24.73099569293996 ], [ -99.404904648840244, 24.735088588809273 ], [ -99.364212705077833, 24.771845153863943 ], [ -99.294928485786102, 24.8041437072206 ], [ -99.212885473560064, 24.771674843078166 ], [ -99.188653121207878, 24.780679604699561 ], [ -99.204946792570738, 24.864193312463222 ], [ -99.158942905462965, 24.915988165336458 ], [ -99.179885821180719, 25.005376007200173 ], [ -99.166903740347649, 25.046574953752625 ], [ -99.097440150685429, 25.06323924658852 ], [ -99.06691702411959, 25.116788065517582 ], [ -99.036049275027366, 25.120311275403555 ], [ -99.022193959681431, 25.073640894980691 ], [ -98.93416994221316, 25.072763180997697 ], [ -98.863843608640963, 25.127125022840957 ], [ -98.423131666110379, 25.447492903484189 ], [ -98.433327081384462, 25.489395222971837 ], [ -98.581751591579788, 25.489361742094218 ], [ -98.581350550283176, 25.705956742530073 ], [ -98.585126065125351, 26.017917607164495 ], [ -98.736445094387065, 26.036767664050963 ], [ -98.823226553823332, 26.047648680085409 ], [ -98.845908602664011, 26.024527778070805 ], [ -98.900751948390862, 25.968322731940304 ], [ -99.023872207570804, 26.104102447408145 ], [ -99.12899870065155, 26.053418345332197 ], [ -99.167019410968507, 26.075468272545777 ], [ -99.197801565607904, 26.258486822606386 ], [ -99.260001574055892, 26.252849988312295 ], [ -99.333666890067164, 26.30635754582363 ], [ -99.364150260318269, 26.329270160676604 ], [ -99.409729809133097, 26.316974979401138 ], [ -99.430946584032768, 26.351301143364118 ], [ -99.415692641767365, 26.438169693345369 ], [ -99.400385633403616, 26.550083939952188 ], [ -99.396824815475327, 26.596565539611664 ], [ -99.538335249747519, 26.664595620667431 ], [ -99.65916445635601, 26.670365136889217 ], [ -99.618081528463065, 26.728296648353702 ], [ -99.622564387340063, 26.766933636761856 ], [ -99.580866108236449, 26.829306921131767 ], [ -99.589918801157367, 26.861182474634901 ], [ -99.678862923290254, 26.895786827576025 ], [ -99.739554712804136, 26.90748240290722 ], [ -99.766668898594645, 26.889841906337846 ], [ -99.734168119300918, 26.920612861468484 ], [ -99.650052833653135, 27.065857885754316 ], [ -99.678918753085654, 27.102448297051534 ], [ -99.748807620133761, 27.289000605006191 ], [ -99.76037881267807, 27.436958727911939 ], [ -99.919153627529369, 27.491515177684008 ], [ -99.926418270756258, 27.549156997100383 ], [ -99.72814673184574, 27.679126215631619 ], [ -99.668999803580078, 27.659973179883668 ], [ -99.637418288562458, 27.626817099341988 ], [ -99.603170509645906, 27.641988260597216 ], [ -99.541259042809173, 27.605551980381595 ], [ -99.513251274209452, 27.557819245360449 ], [ -99.52814724271451, 27.500996765085876 ], [ -99.478765264460435, 27.479506508067111 ], [ -99.505982846120133, 27.336584544133309 ], [ -99.496462531254821, 27.271326611519584 ], [ -99.441588107538394, 27.249988413309264 ], [ -99.426335302743951, 27.177825618113108 ], [ -99.428661044808592, 27.091592756942834 ], [ -99.452707522600576, 27.064064993718024 ], [ -99.444527428799162, 27.019315485382833 ], [ -99.387138563773547, 26.982049185419886 ], [ -99.378476749364751, 26.933929531211046 ], [ -99.337022203101498, 26.923398580294855 ], [ -99.32876379039547, 26.879649729707999 ], [ -99.268019952771652, 26.842628791802824 ], [ -99.239619757082352, 26.745261767861283 ], [ -99.208603428558064, 26.724448942602272 ], [ -99.199976691199879, 26.655792822810803 ], [ -99.167414476184263, 26.559683395310245 ], [ -99.091615582340168, 26.476129204071505 ], [ -99.096439018728503, 26.412250987328104 ], [ -99.030305359587345, 26.412239464789312 ], [ -98.955468390190248, 26.395296841406033 ], [ -98.947893031131386, 26.37073375329496 ], [ -98.889326209776812, 26.357042895773809 ], [ -98.820893274037203, 26.371239105244811 ], [ -98.787888668857661, 26.330039431171482 ], [ -98.751404940351605, 26.331574564368584 ], [ -98.718921865352272, 26.271790620528432 ], [ -98.679589531890258, 26.248390918397114 ], [ -98.585729714729794, 26.25767069093779 ], [ -98.523070046927671, 26.220464375658366 ], [ -98.442545532629566, 26.223249253337805 ], [ -98.38445663160438, 26.156792576027662 ], [ -98.347657909208323, 26.163801976752623 ], [ -98.321309278997646, 26.118322770830005 ], [ -98.197485162380204, 26.054561268503676 ], [ -98.15572921926271, 26.056213568767621 ], [ -98.076304692808094, 26.067569355749825 ], [ -97.908290477177871, 26.057499931848444 ], [ -97.902159935257927, 26.060925888060229 ], [ -97.811267362493709, 26.055256158957395 ], [ -97.781838945341462, 26.033772576253586 ], [ -97.667412098615955, 26.024536617561285 ], [ -97.602095199974201, 25.957355459359942 ], [ -97.54517256959376, 25.924375165098166 ], [ -97.521271632072953, 25.886323754352542 ], [ -97.45473734129277, 25.880648390424764 ], [ -97.426840045644866, 25.841330441902262 ], [ -97.373123130946254, 25.839842488051875 ], [ -97.369136632311537, 25.915134770852831 ], [ -97.324684636295757, 25.918104319393997 ], [ -97.28925283111127, 25.954010370560528 ], [ -97.146373757165691, 25.954886903170518 ], [ -97.15181793630488, 25.824308182966568 ], [ -97.168711422249231, 25.727099324938081 ], [ -97.202535640440857, 25.630083941887968 ], [ -97.384301688969302, 25.319592849009474 ], [ -97.450064264996215, 25.196037285087506 ], [ -97.517400363813863, 25.041955032014091 ], [ -97.564490380842685, 24.912561744734781 ], [ -97.620451605172846, 24.725284699991452 ], [ -97.680709311274725, 24.478781204365617 ], [ -97.706230236679673, 24.324097067567862 ], [ -97.737330973148204, 23.953595151337016 ], [ -97.742084747291699, 23.668790593574911 ], [ -97.768996700865031, 23.378200302079748 ], [ -97.76931836150807, 23.272354505922497 ], [ -97.760755340348467, 23.005908685170784 ], [ -97.765950668612859, 22.894785881324161 ], [ -97.788456927988008, 22.792884421728001 ], [ -97.846039838899344, 22.657595582895354 ], [ -97.859673663371836, 22.549026405062378 ], [ -97.854884255776909, 22.453681497007015 ], [ -97.819659702812871, 22.32578904277112 ], [ -97.784599817649493, 22.262357526254053 ], [ -97.836380672021491, 22.230139441033682 ] ] ] ] } },
{ "type": "Feature", "properties": { "entidad_cvegeo": "29", "entidad_nombre": "Tlaxcala", "entidad_ge": "SRID=6362;MULTIPOLYGON(((2912153.5532 863641.585900001,2912195.7978 863629.900699999,2912219.1674 863629.900699999,2912235.3458 863612.821800001,2912247.0302 863592.1472,2912262.3107 863575.068300001,2912289.0579 863546.3803,2912299.7836 863537.7993,2912", "entidad_si": 0 }, "geometry": { "type": "MultiPolygon", "coordinates": [ [ [ [ -98.189209386322972, 19.13708482477896 ], [ -98.224537362266886, 19.137925591569399 ], [ -98.224565064944827, 19.13806232371584 ], [ -98.242147647960493, 19.157594072042254 ], [ -98.262220965802953, 19.160750900568289 ], [ -98.287875603171202, 19.174096714904412 ], [ -98.306310157056743, 19.188755042537899 ], [ -98.312172692347119, 19.190398822362919 ], [ -98.323792693431997, 19.168819901766934 ], [ -98.33984425509729, 19.186115091686506 ], [ -98.368915041305755, 19.226122002274018 ], [ -98.378038690329959, 19.254583799839011 ], [ -98.407721375808634, 19.315931708489494 ], [ -98.442096460285356, 19.327597411123442 ], [ -98.454920315309835, 19.345501100353932 ], [ -98.486956045215464, 19.389636356047244 ], [ -98.487200526814092, 19.392231169268161 ], [ -98.508262667035012, 19.426899298908875 ], [ -98.541499003054213, 19.460821388886369 ], [ -98.591275648082785, 19.449214196014132 ], [ -98.634114727023658, 19.467848168242565 ], [ -98.65322655538678, 19.465986223857836 ], [ -98.706044291839007, 19.55933625642114 ], [ -98.681379947971294, 19.598284938365648 ], [ -98.665577097184126, 19.606153740277112 ], [ -98.609020718994586, 19.602358771271636 ], [ -98.579537388382747, 19.637660531961444 ], [ -98.535575777877938, 19.634418872882751 ], [ -98.491613840956134, 19.607367832189574 ], [ -98.409564354030437, 19.616688431385271 ], [ -98.381696842990891, 19.609361863272596 ], [ -98.367010804796408, 19.628209488993686 ], [ -98.323803144156301, 19.685297647692202 ], [ -98.331667207521363, 19.722319966665186 ], [ -98.255318917436938, 19.718829019384941 ], [ -98.240786289715288, 19.675856639775454 ], [ -98.159721589744038, 19.669390997577466 ], [ -98.068809079131924, 19.703366045918251 ], [ -98.040066874617636, 19.699592618151257 ], [ -98.042212022054741, 19.640224705359177 ], [ -97.97409576224544, 19.625055953175575 ], [ -97.953846661434767, 19.604449263295869 ], [ -97.878554217640456, 19.569056916761031 ], [ -97.869601970723693, 19.542341031929297 ], [ -97.862271495402226, 19.456175524973631 ], [ -97.794538669286723, 19.49837460020996 ], [ -97.796859263155213, 19.472442842418516 ], [ -97.724525123687684, 19.431636946415029 ], [ -97.70396546208471, 19.392963350034623 ], [ -97.664210826829873, 19.365110145878337 ], [ -97.631446160176239, 19.355395432145759 ], [ -97.646088873819849, 19.30640931631341 ], [ -97.69093324458504, 19.285888115605424 ], [ -97.719642950351158, 19.30475322718754 ], [ -97.771385524807414, 19.283752651894435 ], [ -97.820856894674591, 19.304730995132175 ], [ -97.838428667002105, 19.287264405057751 ], [ -97.870287049811552, 19.2705859877356 ], [ -97.865135588410638, 19.253949390676286 ], [ -97.85098829199103, 19.222934223676528 ], [ -97.915065473014181, 19.173338035781388 ], [ -97.978950152706105, 19.192570141220763 ], [ -97.992029691255865, 19.195830499301756 ], [ -98.03168626749941, 19.230938382318161 ], [ -98.100318747616157, 19.163366651509737 ], [ -98.166175776319648, 19.105071861181319 ], [ -98.189209386322972, 19.13708482477896 ] ] ] ] } },
{ "type": "Feature", "properties": { "entidad_cvegeo": "30", "entidad_nombre": "Veracruz", "entidad_ge": "SRID=6362;MULTIPOLYGON(((3119601.5589 810247.315400001,3119584.1828 810238.9364,3119574.1342 810252.515000001,3119565.6577 810264.276999999,3119557.033 810276.970400002,3119549.9256 810283.0594,3119537.7429 810294.230500001,3119526.6153 810299.156599998,", "entidad_si": 0 }, "geometry": { "type": "MultiPolygon", "coordinates": [ [ [ [ -94.090154492114124, 17.968256962334603 ], [ -94.083430748405689, 17.869868488063922 ], [ -94.029795559017572, 17.846614275088292 ], [ -93.978523020983104, 17.851651158767055 ], [ -93.938374009577885, 17.752468032950691 ], [ -93.871487209243341, 17.752950342206567 ], [ -93.865073825835097, 17.721063685721774 ], [ -93.767962225679298, 17.687325778572003 ], [ -93.737889807903926, 17.631925494470355 ], [ -93.621540310697895, 17.544650526597739 ], [ -93.63513511576123, 17.451247024987573 ], [ -93.691754833917742, 17.390465357818961 ], [ -93.607939808903694, 17.314930013942909 ], [ -93.66441145832755, 17.286193387909588 ], [ -93.662694365707694, 17.256276890222448 ], [ -93.772450200927963, 17.245823552586817 ], [ -93.803762493710636, 17.224868161920991 ], [ -93.827137691889419, 17.172503478159438 ], [ -93.867426771839718, 17.13696491020859 ], [ -94.087497135850455, 17.149433387272389 ], [ -94.743576255156427, 17.18466709927149 ], [ -94.823580442502461, 17.188765197335023 ], [ -94.922814779723922, 17.193788436575826 ], [ -94.895429026754115, 17.256378404110528 ], [ -94.928918049169027, 17.324743496592717 ], [ -94.971192159621722, 17.330969582824792 ], [ -95.076567396885125, 17.37293371117379 ], [ -95.122144648108673, 17.431987886091608 ], [ -95.20459719969756, 17.538672208370574 ], [ -95.253247540658407, 17.601541034292879 ], [ -95.271258050609646, 17.624734599343345 ], [ -95.192392784534007, 17.654910680950927 ], [ -95.181469731247461, 17.6858171891487 ], [ -95.238912996032326, 17.739264125555877 ], [ -95.351207428534025, 17.678157867732409 ], [ -95.387648537346237, 17.663298145899226 ], [ -95.530081458505663, 17.570987103791865 ], [ -95.572640962628483, 17.548636911007005 ], [ -95.599561246607777, 17.536205615511484 ], [ -95.708789563041861, 17.531897025035811 ], [ -95.72955613535278, 17.571482684582154 ], [ -95.769684831529702, 17.588060369542799 ], [ -95.77337034586786, 17.623825199721679 ], [ -95.803305596413836, 17.62936575939316 ], [ -95.895279960218872, 17.704507259870567 ], [ -95.891113504371262, 17.766805451084931 ], [ -95.867164684911799, 17.773229034797644 ], [ -95.858895790798258, 17.844524078546137 ], [ -95.848495868079283, 17.848121689328799 ], [ -95.800014269897531, 17.94982483916856 ], [ -95.824241535474727, 18.081004020078062 ], [ -95.851535702801058, 18.130790967733375 ], [ -95.902743048387151, 18.135696822967144 ], [ -95.952534195667113, 18.159827814000664 ], [ -95.979259241455409, 18.146732284231664 ], [ -95.990579872338856, 18.151174147669643 ], [ -96.066383095732149, 18.131588590488665 ], [ -96.083915188807055, 18.161770415565897 ], [ -96.149718551908848, 18.131640947333199 ], [ -96.171391129034319, 18.186417769013854 ], [ -96.217478094097061, 18.161967396170812 ], [ -96.268289921165064, 18.225500170798703 ], [ -96.294449658571835, 18.312428793005754 ], [ -96.301779346285315, 18.318020478787219 ], [ -96.319550921257104, 18.35825629282558 ], [ -96.352187231164905, 18.406566140901102 ], [ -96.400177711231237, 18.444466938656785 ], [ -96.42032862084389, 18.507925424179504 ], [ -96.457172264385363, 18.570274910570621 ], [ -96.584174812920168, 18.60205716947516 ], [ -96.628208561354498, 18.631931229584701 ], [ -96.68414437870446, 18.644263653329936 ], [ -96.67215466316577, 18.618584183691752 ], [ -96.711826690607239, 18.54805547583566 ], [ -96.682360690970796, 18.499669350373068 ], [ -96.704438404627624, 18.45241618329274 ], [ -96.681037251826936, 18.412204436487631 ], [ -96.696308876092516, 18.36486222791607 ], [ -96.7286500033198, 18.395736881383364 ], [ -96.781011961257661, 18.429069507209601 ], [ -96.797011825461979, 18.511935177327256 ], [ -96.842357506749494, 18.493388785703548 ], [ -96.866289844636228, 18.525864664402885 ], [ -96.952957633800366, 18.553899004618053 ], [ -96.996240491032779, 18.528511974703559 ], [ -96.998917336790058, 18.531916453952796 ], [ -97.081069590009662, 18.463767148894213 ], [ -97.112698231783725, 18.521314523944348 ], [ -97.14456306931028, 18.570927854660848 ], [ -97.142394063093832, 18.593345906817852 ], [ -97.226574609090449, 18.63884209174034 ], [ -97.235429151191454, 18.643569479087805 ], [ -97.2736432928276, 18.633104699506614 ], [ -97.303202666921862, 18.674285612155614 ], [ -97.343974590232889, 18.68575900655587 ], [ -97.349011789834904, 18.716133377795199 ], [ -97.330786176913477, 18.763912322428503 ], [ -97.326339384551034, 18.811561203621238 ], [ -97.325769543194767, 18.81298971686358 ], [ -97.298395962865087, 18.860484777105107 ], [ -97.24721586748602, 18.918926355995715 ], [ -97.254959412734152, 18.943806130174714 ], [ -97.278922446608675, 18.996746970871641 ], [ -97.268897095459522, 19.028268718274951 ], [ -97.267187540386317, 19.029807502754796 ], [ -97.266625702138157, 19.03031320614857 ], [ -97.260189786870626, 19.098581078778096 ], [ -97.194589065598365, 19.171812582157337 ], [ -97.144188700093821, 19.163910362781479 ], [ -97.075101580252564, 19.157882535530387 ], [ -97.052880601025606, 19.13228839157243 ], [ -97.03812700070921, 19.134262581450407 ], [ -97.055989599426965, 19.19796710136049 ], [ -97.029562763081188, 19.21802258764804 ], [ -96.985712968689199, 19.280048357491669 ], [ -96.991407424232349, 19.285787360280136 ], [ -97.067889417892644, 19.32136086131753 ], [ -97.098014647073342, 19.304136343987764 ], [ -97.147865095132545, 19.320217401424028 ], [ -97.14845491673745, 19.32025004917508 ], [ -97.215566835757969, 19.323147615029871 ], [ -97.210862973799436, 19.358003640700815 ], [ -97.266710751345727, 19.382488716068853 ], [ -97.28177931869358, 19.387343815621691 ], [ -97.360355555975445, 19.376015305803854 ], [ -97.348258528391355, 19.484626962433641 ], [ -97.394923628915507, 19.492421031284788 ], [ -97.43412124459158, 19.588356039555748 ], [ -97.419926650162992, 19.624055741128721 ], [ -97.380420812494592, 19.633984819899776 ], [ -97.30742386188237, 19.68453738923581 ], [ -97.315570638218986, 19.824906819193483 ], [ -97.301884642392267, 19.876682744905111 ], [ -97.255808647485196, 19.932460096826009 ], [ -97.261048626020354, 19.976358426057288 ], [ -97.207163527345713, 20.014454482714125 ], [ -97.210677304091902, 20.041184039044044 ], [ -97.140559758977474, 20.119837621248141 ], [ -97.149991195186914, 20.160614258184712 ], [ -97.164413429742027, 20.151831547754092 ], [ -97.286763079156088, 20.191205551253088 ], [ -97.315510200145923, 20.200574675343315 ], [ -97.378138121247773, 20.226150211433779 ], [ -97.379282910155055, 20.249568686398671 ], [ -97.445276091498272, 20.246160656888986 ], [ -97.462484629397267, 20.185175702009762 ], [ -97.487350699666806, 20.165444488043985 ], [ -97.503490894016693, 20.148634142772352 ], [ -97.586028015074149, 20.07932992331499 ], [ -97.595711511113947, 20.096891534726868 ], [ -97.604957355462886, 20.157810473043487 ], [ -97.621272564978185, 20.172134213986023 ], [ -97.621956556677475, 20.174406023840174 ], [ -97.635423709735633, 20.182536473960781 ], [ -97.658733355599182, 20.168636065167483 ], [ -97.689560954279685, 20.166812956797571 ], [ -97.730779053904314, 20.204777311874174 ], [ -97.736512369052207, 20.244075084358265 ], [ -97.757202990268141, 20.279234605354347 ], [ -97.676823770963054, 20.306879097362511 ], [ -97.76540661242467, 20.381063688960619 ], [ -97.748499506508622, 20.42168958331359 ], [ -97.733762642276801, 20.452088421439409 ], [ -97.646593104527568, 20.408685185272468 ], [ -97.640723732870853, 20.442271663143714 ], [ -97.541802149258586, 20.488513468899757 ], [ -97.589952772054204, 20.556149683614539 ], [ -97.675481621083946, 20.554991471929466 ], [ -97.701205145904481, 20.574219952653895 ], [ -97.704834014595775, 20.629573775656123 ], [ -97.72596151000711, 20.636731296662436 ], [ -97.751526024406829, 20.70155767549214 ], [ -97.719887590285651, 20.776798802074534 ], [ -97.75034853909132, 20.814788443407469 ], [ -97.83025394008483, 20.807957174084127 ], [ -97.879119786643159, 20.834275880898076 ], [ -97.894801700849044, 20.797763874095036 ], [ -97.922446600553073, 20.716518787270683 ], [ -97.913334945484621, 20.671970777463734 ], [ -97.895213196497807, 20.622533311602179 ], [ -97.909461748761416, 20.587795444013842 ], [ -97.980816110525367, 20.540708869127045 ], [ -97.985043407527641, 20.517036493759186 ], [ -98.004166375227058, 20.524879525858079 ], [ -98.039979421160055, 20.63193242410803 ], [ -98.066782894559665, 20.673869739897135 ], [ -98.100524872609199, 20.614026899328611 ], [ -98.111237185710365, 20.616168480871245 ], [ -98.172508393043245, 20.530058084412438 ], [ -98.212121279840645, 20.528517167910067 ], [ -98.263650925972129, 20.491369859718144 ], [ -98.317277671009137, 20.428780639060708 ], [ -98.386212716232066, 20.402667851341299 ], [ -98.458548132813632, 20.333650519850583 ], [ -98.469597888004557, 20.335068708495445 ], [ -98.534486837599857, 20.347023816561808 ], [ -98.550441213902559, 20.432522537222784 ], [ -98.59498419714231, 20.491106323874632 ], [ -98.524492343367811, 20.548362234673224 ], [ -98.505863959294814, 20.596237752803347 ], [ -98.494846729523715, 20.644340511166586 ], [ -98.429201253564642, 20.716411528922556 ], [ -98.42551050768536, 20.748929289633377 ], [ -98.466468016080611, 20.710267119685046 ], [ -98.531988402550667, 20.713282708187684 ], [ -98.475607628581571, 20.739175446844641 ], [ -98.443680181223868, 20.834323512906487 ], [ -98.425138310501808, 20.849604581486563 ], [ -98.345145535938059, 20.864852540168727 ], [ -98.343535525936304, 20.797937645815104 ], [ -98.325967273316508, 20.784184931961217 ], [ -98.247970678988793, 20.789396471904276 ], [ -98.262322873433135, 20.846892545188929 ], [ -98.224869371374268, 20.906621558088489 ], [ -98.237296835835849, 20.930965305012428 ], [ -98.190895162257448, 21.026378465649763 ], [ -98.155677946626966, 21.033386179547357 ], [ -98.149137854518514, 21.083021887787769 ], [ -98.187563225429599, 21.110818305028044 ], [ -98.227287086089731, 21.150398379674623 ], [ -98.282173776612765, 21.136417379581175 ], [ -98.296150254696698, 21.187961538486388 ], [ -98.309441080785419, 21.184998348366534 ], [ -98.340731811663275, 21.169796289821875 ], [ -98.364966070583137, 21.161738377384705 ], [ -98.424014112655172, 21.167260697036738 ], [ -98.446387227263841, 21.179703532986071 ], [ -98.46923418235987, 21.249501863317917 ], [ -98.516543368486523, 21.244268951319942 ], [ -98.541159398634235, 21.26947890048935 ], [ -98.497842824692441, 21.327886734982265 ], [ -98.467359945371868, 21.378615363174536 ], [ -98.504348744407579, 21.389362567283722 ], [ -98.532255856615123, 21.501139523280173 ], [ -98.601957038638929, 21.543432230980205 ], [ -98.618161363100214, 21.578830888430559 ], [ -98.61921063240554, 21.671345709042264 ], [ -98.558255472125055, 21.687671863343617 ], [ -98.454716575302228, 21.766738330221635 ], [ -98.488215441505773, 21.83756930964184 ], [ -98.518479412071343, 21.831446678366088 ], [ -98.53467838813404, 21.906435134378523 ], [ -98.579028890391058, 21.959904479518727 ], [ -98.562169834565069, 21.967550734433384 ], [ -98.520383738359982, 21.97892320686573 ], [ -98.468614581486889, 21.966204817209924 ], [ -98.443548991168299, 22.032981746813434 ], [ -98.438248460724708, 22.114754860991283 ], [ -98.416745796262774, 22.141203261397216 ], [ -98.336545018015258, 22.187693251930572 ], [ -98.34461514137756, 22.222088735459753 ], [ -98.466963789987247, 22.295758526965503 ], [ -98.579290644445578, 22.348628109799836 ], [ -98.582855657924881, 22.37305254129139 ], [ -98.681546603780561, 22.37157486817522 ], [ -98.670888155486608, 22.405673479030359 ], [ -98.589518137597267, 22.394731593903014 ], [ -98.490639088186967, 22.427474497290607 ], [ -98.443723475143713, 22.431327915510742 ], [ -98.387809202399751, 22.389284385655067 ], [ -98.354084939115864, 22.389584992346919 ], [ -98.291664510680704, 22.467798557011442 ], [ -98.277621434304166, 22.448948967196834 ], [ -98.208827762469951, 22.46476236347781 ], [ -98.188987523375147, 22.425339446104125 ], [ -98.112034428445256, 22.393759513217468 ], [ -98.077098222688107, 22.351640730936815 ], [ -98.028472109976178, 22.358392096931297 ], [ -97.970405423761378, 22.33289778633954 ], [ -97.956707609572746, 22.293892371190459 ], [ -97.89496246108088, 22.222378439342517 ], [ -97.836380672021491, 22.230139441033682 ], [ -97.784599817649493, 22.262357526254053 ], [ -97.78523895285629, 22.166275902719658 ], [ -97.754621311133079, 22.068535352072452 ], [ -97.694709474195733, 21.951277694505738 ], [ -97.564334429291094, 21.770793808775643 ], [ -97.452158435156392, 21.667615393250685 ], [ -97.343588204045417, 21.587690568466218 ], [ -97.330217215744099, 21.558439523894343 ], [ -97.354156711022156, 21.447681268340375 ], [ -97.411192361172056, 21.336313663731659 ], [ -97.420241588303554, 21.230897143326874 ], [ -97.365023130922296, 21.097632221015445 ], [ -97.327563202296204, 21.008815825839228 ], [ -97.218092123145382, 20.795920931559472 ], [ -97.180659451657775, 20.670717079476638 ], [ -97.13156173780034, 20.599829560157193 ], [ -97.05748388356605, 20.523739995196294 ], [ -96.98573184419854, 20.463822069249655 ], [ -96.950369405252815, 20.411247972849871 ], [ -96.784481355847248, 20.243505415029951 ], [ -96.705520707048962, 20.156946887395026 ], [ -96.578748885241623, 20.007915165214985 ], [ -96.526281315150669, 19.924772727687195 ], [ -96.447204103000388, 19.844416486323688 ], [ -96.400996456008741, 19.723496133272825 ], [ -96.406921947127273, 19.705149658217586 ], [ -96.372006004177464, 19.601878521962647 ], [ -96.374309699626068, 19.561682964837789 ], [ -96.330078558119126, 19.497514772658754 ], [ -96.308889218842666, 19.461990148230072 ], [ -96.321736229467945, 19.414344118188573 ], [ -96.291766322520601, 19.318301193788404 ], [ -96.221558592379012, 19.265380846621671 ], [ -96.132678171916282, 19.217972571626472 ], [ -96.118326435368573, 19.171703038934258 ], [ -96.094879704608744, 19.154759134790133 ], [ -96.098465048934187, 19.102303494614095 ], [ -96.039363858468434, 19.057608626329426 ], [ -95.969853778686499, 19.048670980314387 ], [ -95.960797597194343, 18.966648817741046 ], [ -95.940937697188048, 18.905395558057698 ], [ -95.862268573239433, 18.832503507427589 ], [ -95.752202875790346, 18.791880852115614 ], [ -95.646091971869424, 18.735877939127583 ], [ -95.525304008885598, 18.714821869458589 ], [ -95.437057518000429, 18.710871914194328 ], [ -95.287306329039765, 18.715249916102593 ], [ -95.198359674254533, 18.704239811450844 ], [ -95.133321961030887, 18.671398177625001 ], [ -95.04972001482416, 18.599637737311099 ], [ -94.989051279903123, 18.55692794981233 ], [ -94.899070118202133, 18.548682443992579 ], [ -94.816573728350875, 18.53857586981913 ], [ -94.78910454051244, 18.507739436380152 ], [ -94.773699687337825, 18.449205438024855 ], [ -94.73750998892443, 18.395168034339143 ], [ -94.682471518529979, 18.350019299728338 ], [ -94.623360925827242, 18.287448371871605 ], [ -94.597225510177452, 18.193471798424412 ], [ -94.507436385769338, 18.153288084483421 ], [ -94.35420533314111, 18.164104727031415 ], [ -94.240093166787375, 18.188001243460057 ], [ -94.130025163867046, 18.212851200388023 ], [ -94.129756257611675, 18.198741388335623 ], [ -94.094049425513489, 18.158452127100919 ], [ -94.101089825131666, 18.130627144739005 ], [ -94.064246038263349, 18.002338361755928 ], [ -94.090154492114124, 17.968256962334603 ] ] ] ] } },
{ "type": "Feature", "properties": { "entidad_cvegeo": "31", "entidad_nombre": "Yucatan", "entidad_ge": "SRID=6362;MULTIPOLYGON(((3511760.8321 1023282.3237,3511704.0861 1023201.1106,3511641.334 1023207.8755,3511524.6624 1023244.1057,3511503.2448 1023253.6924,3511422.0776 1023226.0559,3511414.7461 1023181.3618,3511400.0828 1023091.9736,3511384.6689 1023013.5", "entidad_si": 0 }, "geometry": { "type": "MultiPolygon", "coordinates": [ [ [ [ -88.95638671763443, 19.816823561504737 ], [ -89.025162991888038, 19.776709672455699 ], [ -89.074212699300631, 19.694194101985161 ], [ -89.123398520948712, 19.703424148883428 ], [ -89.144861687060853, 19.637398729565039 ], [ -89.222868746125599, 19.636656969749641 ], [ -89.219556568217968, 19.608022252357387 ], [ -89.296561814063253, 19.551174095610975 ], [ -89.468295476531466, 19.700161288907779 ], [ -89.475909457037858, 19.771220205576608 ], [ -89.525672365023368, 19.775554650388287 ], [ -89.587499748318905, 19.874420044428362 ], [ -89.586810343532093, 19.920460030996789 ], [ -89.60467007800959, 19.93828496667544 ], [ -89.598703885879985, 19.998197378372076 ], [ -89.748474174412337, 20.179269722078825 ], [ -89.793974786828116, 20.136171942101345 ], [ -89.802505275654099, 20.201605080643091 ], [ -89.843453148402489, 20.209275063224972 ], [ -89.837963876263316, 20.287175879914482 ], [ -89.902479460752105, 20.364835373830658 ], [ -90.004173675416681, 20.487021877875915 ], [ -90.06721065992221, 20.425225896262436 ], [ -90.234207993917678, 20.47046660874506 ], [ -90.234583385665616, 20.545343181693131 ], [ -90.335236110921414, 20.541312309140491 ], [ -90.386648785547379, 20.555585794224111 ], [ -90.381876732023713, 20.747304654290538 ], [ -90.381821509429912, 20.74952022385164 ], [ -90.379356996781013, 20.848327288529159 ], [ -90.404524357774264, 20.84676358995797 ], [ -90.369320098362607, 20.953595044315861 ], [ -90.30571754536625, 21.031744635724298 ], [ -90.19969586800174, 21.092552188319218 ], [ -90.09461233029748, 21.15555276764821 ], [ -89.985648600200932, 21.180850585078193 ], [ -89.864575415640758, 21.242557586583235 ], [ -89.704377077805404, 21.279570565150781 ], [ -89.487632913088433, 21.317771337490999 ], [ -89.453328263087798, 21.322340525155568 ], [ -89.322769041661772, 21.338616333448353 ], [ -89.22588772674051, 21.348196634538315 ], [ -89.158012537842694, 21.355136145669722 ], [ -89.068366582891301, 21.367564999789202 ], [ -88.971446475798359, 21.38188863728768 ], [ -88.831510959899333, 21.401799063301009 ], [ -88.694739194635233, 21.451073248146045 ], [ -88.616121286504736, 21.521971375043634 ], [ -88.500479604657485, 21.542603572068352 ], [ -88.375516774913621, 21.567705575415587 ], [ -88.323217770962529, 21.551165530594783 ], [ -88.273436964921473, 21.555926416029497 ], [ -88.18885322741383, 21.604552193590084 ], [ -88.145020359103114, 21.623950395191805 ], [ -87.962908156518083, 21.610131076493666 ], [ -87.861578373498688, 21.571908651086293 ], [ -87.738360823117333, 21.530390859976464 ], [ -87.534912900847473, 21.49022244914218 ], [ -87.533145280686796, 20.999602132716959 ], [ -87.578340681123734, 20.925736660783727 ], [ -87.744259471622541, 20.653787090687143 ], [ -87.938006486686405, 20.470196696350222 ], [ -87.962742041425699, 20.446706029393876 ], [ -87.992958113661643, 20.424067704685989 ], [ -88.064929428346844, 20.34953705022285 ], [ -88.136489599933967, 20.281371784819857 ], [ -88.232669472681209, 20.290178911422679 ], [ -88.308788433324295, 20.253510036766244 ], [ -88.409127738002809, 20.252097324155731 ], [ -88.502345250922687, 20.190077957866677 ], [ -88.507621193917103, 20.143391092259055 ], [ -88.576681547765887, 20.14807830316639 ], [ -88.690608904045646, 20.089856127561095 ], [ -88.700176161792513, 20.010356725987517 ], [ -88.783502586740269, 20.008180188279177 ], [ -88.833043003904365, 19.87822711510497 ], [ -88.880191535090475, 19.878124872499299 ], [ -88.929512466011218, 19.790948561151254 ], [ -88.95638671763443, 19.816823561504737 ] ] ], [ [ [ -89.729799999600914, 22.609599999985893 ], [ -89.672600000344602, 22.595199999405168 ], [ -89.584100000136175, 22.505900000088378 ], [ -89.581599999984974, 22.453999999971241 ], [ -89.611600000335798, 22.392499999822011 ], [ -89.710399999986493, 22.405800000044287 ], [ -89.7432000001169, 22.461499999549751 ], [ -89.717799999861825, 22.537299999457559 ], [ -89.743900000006406, 22.585199999556856 ], [ -89.729799999600914, 22.609599999985893 ] ] ] ] } },
{ "type": "Feature", "properties": { "entidad_cvegeo": "32", "entidad_nombre": "Zacatecas", "entidad_ge": "SRID=6362;MULTIPOLYGON(((2515182.3071 1441549.7482,2515937.7346 1439330.1804,2516886.413 1436542.8096,2517377.582 1435646.2629,2519091.897 1432516.9838,2520154.2553 1430577.9102,2520778.75 1429437.9997,2522773.289 1425901.3836,2525645.7604 1424642.4175,2", "entidad_si": 0 }, "geometry": { "type": "MultiPolygon", "coordinates": [ [ [ [ -103.04956945797538, 21.263354799680535 ], [ -103.098615063848229, 21.131171528956912 ], [ -103.058321623303726, 21.098472538205627 ], [ -103.125974363583012, 21.054849428057395 ], [ -103.209107213299689, 21.094140925010077 ], [ -103.258234615503568, 21.083066437527837 ], [ -103.279812558943746, 21.056843447495098 ], [ -103.346994753157162, 21.044245888499699 ], [ -103.397602589678698, 21.084995669273198 ], [ -103.435115662762186, 21.141969316304731 ], [ -103.468849308124703, 21.143462496440524 ], [ -103.514552030713958, 21.144736492339632 ], [ -103.57012430572523, 21.117754318101074 ], [ -103.614556454888898, 21.158227089622986 ], [ -103.624538259885327, 21.193145687809348 ], [ -103.640195882323269, 21.222072408908041 ], [ -103.635136984064289, 21.28317984841642 ], [ -103.720839096484994, 21.307961069470505 ], [ -103.663353989925113, 21.338264044657812 ], [ -103.584442131986208, 21.335374740879118 ], [ -103.523257104446159, 21.352008335554419 ], [ -103.514721492070677, 21.396404024438439 ], [ -103.548263846121529, 21.440481852293654 ], [ -103.624325478876287, 21.418496233454746 ], [ -103.669305853104433, 21.465702455219322 ], [ -103.686372379610134, 21.556482292980601 ], [ -103.591479000596578, 21.589051204702859 ], [ -103.554666128552228, 21.576634619555087 ], [ -103.548709255310911, 21.649913694879434 ], [ -103.509138532290137, 21.741796860608531 ], [ -103.57262725786174, 21.803489835656759 ], [ -103.502817449759362, 21.833074708094873 ], [ -103.458517093104348, 21.835210084630063 ], [ -103.418983615829049, 21.896156267242063 ], [ -103.389151327059906, 21.898720382380674 ], [ -103.338740901357923, 21.942302182541908 ], [ -103.264715348779703, 21.971844988638729 ], [ -103.193119588122741, 21.969573280441452 ], [ -103.17253557797973, 21.996619809563882 ], [ -103.109990975687666, 22.017405644876391 ], [ -103.106165356127548, 22.047010482879585 ], [ -103.15428531605923, 22.072236820381729 ], [ -103.126598900181705, 22.104036955412447 ], [ -103.106058774488986, 22.19135603322696 ], [ -103.057598239557166, 22.237864977121834 ], [ -103.07869067755621, 22.25818059292083 ], [ -103.098998550323557, 22.292308678354406 ], [ -103.220369083460753, 22.296401132498225 ], [ -103.168696949195777, 22.355692453516969 ], [ -103.170863612692884, 22.384678676622404 ], [ -103.219597040400387, 22.410482022383526 ], [ -103.285817332376766, 22.412831265059669 ], [ -103.305357086625577, 22.390398559302145 ], [ -103.364716669407485, 22.369535628942451 ], [ -103.362553197702894, 22.336354001119883 ], [ -103.2977903388729, 22.298337254109004 ], [ -103.299065894757348, 22.249109166170868 ], [ -103.408959626371058, 22.215364909732116 ], [ -103.429999561661262, 22.135623630399682 ], [ -103.449550780600831, 22.114383539114566 ], [ -103.501564196196099, 22.105564012082397 ], [ -103.538188433723761, 22.121449243100688 ], [ -103.60470456706075, 22.097941578705434 ], [ -103.690798111240611, 22.128276630356357 ], [ -103.630896404721085, 22.238917963469408 ], [ -103.599652240645867, 22.277692734930437 ], [ -103.637788098932887, 22.29523310562708 ], [ -103.606710582950043, 22.338305798116867 ], [ -103.594019731157672, 22.407214945049454 ], [ -103.560617756568362, 22.42310661395917 ], [ -103.610234730276744, 22.559517507977858 ], [ -103.662822641277643, 22.548004644993391 ], [ -103.726555010194645, 22.574146631905723 ], [ -103.769102088882789, 22.555789152198432 ], [ -103.806257884302099, 22.441831479059541 ], [ -103.811151730107213, 22.376745223368918 ], [ -103.845434229092575, 22.342757499956502 ], [ -103.829153056777471, 22.289931182845695 ], [ -103.844075553943483, 22.222065928292583 ], [ -103.886970385046496, 22.227060727836918 ], [ -103.917520247094203, 22.2645423219662 ], [ -103.926022439150103, 22.331615611894229 ], [ -103.882571594926276, 22.401615006259924 ], [ -103.875186379677928, 22.521575870765524 ], [ -103.855333532161168, 22.57495197219027 ], [ -103.761744004557301, 22.62707428881378 ], [ -103.754806170736245, 22.719547779572249 ], [ -103.781385261757791, 22.729817071015933 ], [ -103.898327627812932, 22.728277308422083 ], [ -103.91001821974875, 22.750143732927203 ], [ -104.025690528397661, 22.743278159334285 ], [ -104.046605501815392, 22.684248618927192 ], [ -104.033204624468326, 22.632233681100892 ], [ -103.988884070840413, 22.592474386539724 ], [ -104.005570827452686, 22.536600283325047 ], [ -103.941728419306457, 22.502187216535109 ], [ -103.931205824663621, 22.476749182938732 ], [ -104.023179038525981, 22.364493483120086 ], [ -104.080715973840825, 22.390860623386018 ], [ -104.054790636597659, 22.489445087755911 ], [ -104.079872459231382, 22.533220175177682 ], [ -104.143091140387966, 22.504651471389952 ], [ -104.18951877183234, 22.507785686711404 ], [ -104.208783700784139, 22.422483867614964 ], [ -104.254442420834891, 22.392476290142056 ], [ -104.29256360485337, 22.344315803906948 ], [ -104.350040929597284, 22.386405418386246 ], [ -104.348842923472759, 22.409716641377646 ], [ -104.299025422630237, 22.461701871200987 ], [ -104.322704769524464, 22.533026910842814 ], [ -104.260257626289516, 22.595214032224757 ], [ -104.289127708915231, 22.649269693118448 ], [ -104.263696663707762, 22.716795879275256 ], [ -104.221038708700291, 22.779420159595951 ], [ -104.182180844452745, 22.758268101013023 ], [ -104.090665600794068, 22.775304329981175 ], [ -104.110143656293118, 22.82295510112413 ], [ -104.111924107365866, 22.88836160057453 ], [ -104.165296738064228, 22.941752011340398 ], [ -104.162799990015429, 22.974946328538486 ], [ -104.173614456074063, 22.982444948346732 ], [ -104.172132393598957, 23.128407671692131 ], [ -104.129022619416801, 23.182214211913333 ], [ -104.114393058556232, 23.317190892095599 ], [ -104.11121460013311, 23.351205488625389 ], [ -104.06512613793825, 23.463536138284656 ], [ -103.890546071514848, 23.579733232023472 ], [ -103.879077749279347, 23.611566089585683 ], [ -103.849178509003352, 23.640081702725347 ], [ -103.811301945466255, 23.613648806884488 ], [ -103.785103500642663, 23.67656489975203 ], [ -103.841027343446569, 23.70126811406762 ], [ -103.862362344016731, 23.752638388869727 ], [ -103.816066991998142, 23.80765032360199 ], [ -103.847750189278656, 23.860971189017146 ], [ -103.818359834379805, 23.964908603466348 ], [ -103.850275777493451, 23.988837426250448 ], [ -103.810281526019708, 24.040091939025665 ], [ -103.745642541997341, 24.08896510684092 ], [ -103.660361547907968, 24.149326293729626 ], [ -103.635969533800662, 24.110293377543865 ], [ -103.559540173211076, 24.194110817349248 ], [ -103.563152305970817, 24.25716416570204 ], [ -103.508065123891456, 24.287722134908485 ], [ -103.433144334840506, 24.358419244020126 ], [ -103.428933232527442, 24.411678272968754 ], [ -103.253531786444626, 24.447253800607591 ], [ -103.202410778657111, 24.421374867815409 ], [ -103.187284574581355, 24.423288447937523 ], [ -103.139509258532925, 24.428470916538931 ], [ -103.098527283768718, 24.401626597133824 ], [ -103.043150209071385, 24.466500857309157 ], [ -102.983572805690329, 24.433257160109527 ], [ -102.967440174516582, 24.457703634286524 ], [ -102.901358182787945, 24.428597138234242 ], [ -102.891478976104054, 24.460844381337537 ], [ -102.830762401626004, 24.385244978843421 ], [ -102.788852399999556, 24.406248473556456 ], [ -102.751600086646135, 24.375826846145056 ], [ -102.70398678930826, 24.374132539472495 ], [ -102.611496918510639, 24.400352790489084 ], [ -102.533931412907151, 24.407722106300877 ], [ -102.486996212213654, 24.444228385552162 ], [ -102.479806969943041, 24.490448050812663 ], [ -102.512182303980353, 24.709721100814125 ], [ -102.566235783085318, 24.90222075662615 ], [ -102.673061567719671, 24.942752074849739 ], [ -102.628884835404619, 25.008321663412357 ], [ -102.669693982029514, 25.066636492027992 ], [ -102.446763444342878, 24.999515408382571 ], [ -102.453677800378188, 25.048137806744304 ], [ -102.46332520658504, 25.115916154525987 ], [ -102.295513023881099, 25.125235506956741 ], [ -102.237622204923511, 25.11846237978266 ], [ -102.081805625029816, 25.070700603306733 ], [ -101.848810000627083, 25.017623615233266 ], [ -101.773462956642987, 24.875535121137464 ], [ -101.685149491170591, 24.84001266790159 ], [ -101.65633176555778, 24.860793174052432 ], [ -101.601260630562336, 24.835563194471003 ], [ -101.600406681696327, 24.754396722225767 ], [ -101.59775992566837, 24.754007102459195 ], [ -101.461639351887385, 24.736756815723663 ], [ -101.448557253797915, 24.746187327444744 ], [ -101.402157065330215, 24.788222435088457 ], [ -101.342141574585654, 24.813352508333317 ], [ -101.201725592734633, 24.765488322944829 ], [ -101.127619601229895, 24.623361767141116 ], [ -101.080495133180932, 24.591185315200871 ], [ -100.958792605705526, 24.542684065300733 ], [ -100.902233784730655, 24.583917735523716 ], [ -100.847805641900749, 24.555618602647595 ], [ -100.799934115855251, 24.55618607714996 ], [ -100.742324287396755, 24.460435469152625 ], [ -100.850383082967753, 24.343538532929998 ], [ -100.945285990136313, 24.281195890155296 ], [ -101.006674631110826, 24.335834778466015 ], [ -101.009868278810856, 24.385117366021301 ], [ -100.987327053786174, 24.432519316027019 ], [ -101.012688671729578, 24.39081913728899 ], [ -101.065401530743827, 24.207021105287399 ], [ -101.173232155881834, 24.164136610170299 ], [ -101.2167463821078, 24.159731908067396 ], [ -101.209426760366412, 24.086864875115555 ], [ -101.192569808061108, 23.918563501308146 ], [ -101.340354745390371, 23.797153311806287 ], [ -101.466715904594565, 23.693661768967971 ], [ -101.775122445248869, 23.447629361450314 ], [ -102.011943837251536, 23.372748551033208 ], [ -102.12253245396991, 23.353860092517163 ], [ -102.16879912104848, 23.361025646313358 ], [ -102.193615213153592, 23.447599111142729 ], [ -102.238150306334106, 23.446901433820283 ], [ -102.253611482053216, 23.36495588894423 ], [ -102.296038410035592, 23.320501285154752 ], [ -102.289368986362874, 23.231690932241538 ], [ -102.239457704711583, 23.209493289787194 ], [ -102.240974030629843, 23.169380428277439 ], [ -102.214154637136517, 23.131319867044866 ], [ -102.260050972432992, 23.045915508567852 ], [ -102.233523863080393, 23.024937080159962 ], [ -102.19698239537685, 22.882642515164687 ], [ -102.124896873701545, 22.782952205929277 ], [ -101.948214033359889, 22.652005529783168 ], [ -101.946065457716657, 22.650410318127268 ], [ -101.853284231824745, 22.656025107584398 ], [ -101.872957708529825, 22.563073355040178 ], [ -101.819891527214736, 22.551294707838206 ], [ -101.837141049121485, 22.499692133342378 ], [ -101.799275707513672, 22.470559462193091 ], [ -101.797791858353165, 22.470090261713686 ], [ -101.746175082521518, 22.508693261838538 ], [ -101.655994412666061, 22.513813781416662 ], [ -101.573821013468788, 22.612816108828003 ], [ -101.567397998922715, 22.656776324653709 ], [ -101.497003596784765, 22.701541009324114 ], [ -101.491174795184975, 22.741924234352656 ], [ -101.411077072887849, 22.74768068949377 ], [ -101.365720218182119, 22.692019540330918 ], [ -101.3057090724933, 22.609930304848859 ], [ -101.285726383935213, 22.507855650707636 ], [ -101.313726335828079, 22.453490174046632 ], [ -101.374785755871116, 22.456458364795363 ], [ -101.381910546290499, 22.35748507975531 ], [ -101.435125416824476, 22.341533982873216 ], [ -101.370011144169865, 22.253275872033363 ], [ -101.324253161238303, 22.209893457572729 ], [ -101.341257080302441, 22.152133170536846 ], [ -101.329382304265309, 22.135605188016655 ], [ -101.360540234354161, 21.995241122342446 ], [ -101.430383993416797, 21.932298560413901 ], [ -101.410227620554281, 21.908693541639249 ], [ -101.483196236535392, 21.867680780188536 ], [ -101.496331245182716, 21.80993965886061 ], [ -101.510541749819922, 21.799058495959599 ], [ -101.561421299540598, 21.836051263808077 ], [ -101.56980627952106, 21.917080741797896 ], [ -101.650695698859806, 21.907675394425119 ], [ -101.65914109229881, 21.941594886806215 ], [ -101.751004007508172, 22.014645430497275 ], [ -101.801886019394985, 22.027818118016583 ], [ -101.861669820684256, 22.028883827066529 ], [ -101.967573933958022, 22.111202482306403 ], [ -102.025915187199118, 22.129771001775062 ], [ -102.000993080886644, 22.168110557220665 ], [ -101.999412686078543, 22.219506391063828 ], [ -102.037269639164791, 22.298975682788011 ], [ -102.124110687940771, 22.2869564019656 ], [ -102.153230476892645, 22.29041021145548 ], [ -102.162134433997963, 22.348513940447102 ], [ -102.189018327922, 22.362437833542764 ], [ -102.253200706633095, 22.374494503363177 ], [ -102.289930738756595, 22.419983611424616 ], [ -102.298306843184065, 22.459589683051615 ], [ -102.321364718191603, 22.388532641984 ], [ -102.37844281134393, 22.360878577851807 ], [ -102.471187820686339, 22.336254875375193 ], [ -102.462173975740711, 22.322842738432001 ], [ -102.527039335719692, 22.290899037625024 ], [ -102.612052182104037, 22.291508464399783 ], [ -102.668742842803425, 22.291871047018603 ], [ -102.67001704871403, 22.245702430747553 ], [ -102.641387118480679, 22.228447535794647 ], [ -102.675894507250618, 22.175572518724735 ], [ -102.693485344284369, 22.104722955086228 ], [ -102.755805715359429, 22.073662074124012 ], [ -102.805461574108776, 21.996300398587678 ], [ -102.868446887172325, 21.860537716507395 ], [ -102.853345057090152, 21.799053148728298 ], [ -102.745299934684567, 21.720052307497745 ], [ -102.747672034554341, 21.715983299301229 ], [ -102.805283063511752, 21.671011546276414 ], [ -102.80282380022075, 21.667547570380979 ], [ -102.763793510210789, 21.595753706711456 ], [ -102.717487790205254, 21.571493215199872 ], [ -102.64199387712533, 21.535948832424268 ], [ -102.624841510863774, 21.50141148549098 ], [ -102.654994042594595, 21.44012736151128 ], [ -102.6425948955265, 21.367200597391324 ], [ -102.68184345143294, 21.339158078592945 ], [ -102.72912806611329, 21.387355540570233 ], [ -102.727959764569178, 21.357087802938985 ], [ -102.817600699828617, 21.318541110658092 ], [ -102.863557134388074, 21.252937210721836 ], [ -102.910652172407026, 21.205234661853964 ], [ -102.989504028346076, 21.256675740157192 ], [ -103.04956945797538, 21.263354799680535 ] ] ] ] } }
]
}
